id,school,color,alternate_color,alternate_names,abbreviation,conference,division,logos,location_id,location_city,location_state,location_zip,location_country,location_latitude,location_longitude,stadium_capacity,location_elevation,location_timezone,grass,dome
2000,Abilene Christian,#592d82,#b1b3b3,"ACU,Abilene Chrstn",ACU,UAC,,"http://a.espncdn.com/i/teamlogos/ncaa/500/2000.png,http://a.espncdn.com/i/teamlogos/ncaa/500-dark/2000.png",5440.0,Abilene,TX,79601,US,32.472275,-99.710464,12000.0,520.9,America/Chicago,False,False
2005,Air Force,#004a7b,#ffffff,"AF,Air Force",AF,Mountain West,,"http://a.espncdn.com/i/teamlogos/ncaa/500/2005.png,http://a.espncdn.com/i/teamlogos/ncaa/500-dark/2005.png",3713.0,Colorado Springs,CO,80840,US,38.9969701,-104.8436165,46692.0,2024.875732,America/Denver,False,False
2006,Akron,#00285e,#84754e,"AKR,Akron",AKR,Mid-American,,"http://a.espncdn.com/i/teamlogos/ncaa/500/2006.png,http://a.espncdn.com/i/teamlogos/ncaa/500-dark/2006.png",3768.0,Akron,OH,44399,US,41.0725534,-81.5083408,30000.0,321.2875061,America/New_York,False,False
333,Alabama,#9e1632,#ffffff,"ALA,Alabama",ALA,SEC,,"http://a.espncdn.com/i/teamlogos/ncaa/500/333.png,http://a.espncdn.com/i/teamlogos/ncaa/500-dark/333.png",3657.0,Tuscaloosa,AL,35487,US,33.2082752,-87.5503836,101821.0,70.05136108,America/Chicago,True,False
2010,Alabama A&M,#790000,#ffffff,"AAMU,Alabama A&M",AAMU,SWAC,East,"http://a.espncdn.com/i/teamlogos/ncaa/500/2010.png,http://a.espncdn.com/i/teamlogos/ncaa/500-dark/2010.png",3809.0,Huntsville,AL,35810,US,34.7835363,-86.5784132,21000.0,214.9181061,America/Chicago,False,False
2011,Alabama State,#e9a900,#0a0a0a,"ALST,Alabama St",ALST,SWAC,East,"http://a.espncdn.com/i/teamlogos/ncaa/500/2011.png,http://a.espncdn.com/i/teamlogos/ncaa/500-dark/2011.png",4582.0,Montgomery,AL,36106,US,32.3642223,-86.2896902,26500.0,79.35839844,America/Chicago,False,False
2016,Alcorn State,#4b0058,#46166a,"Alcorn,ALCN,Alcorn St",ALCN,SWAC,West,"http://a.espncdn.com/i/teamlogos/ncaa/500/2016.png,http://a.espncdn.com/i/teamlogos/ncaa/500-dark/2016.png",3771.0,Lorman,MS,39096,US,31.873621,-91.13488,22500.0,72.25324249,America/Chicago,False,False
2026,App State,#ffcc00,#222222,"Appalachian State,APP,App State",APP,Sun Belt,East,"http://a.espncdn.com/i/teamlogos/ncaa/500/2026.png,http://a.espncdn.com/i/teamlogos/ncaa/500-dark/2026.png",3792.0,Boone,NC,28608,US,36.2114267,-81.6854278,30000.0,991.3414307,America/New_York,False,False
12,Arizona,#0c234b,#ab0520,"ARIZ,Arizona",ARIZ,Big 12,,"http://a.espncdn.com/i/teamlogos/ncaa/500/12.png,http://a.espncdn.com/i/teamlogos/ncaa/500-dark/12.png",3619.0,Tucson,AZ,85721,US,32.2288054,-110.9488677,50782.0,742.1530151,America/Phoenix,False,False
9,Arizona State,#8e0c3a,#ffc72c,"ASU,Arizona St",ASU,Big 12,,"http://a.espncdn.com/i/teamlogos/ncaa/500/9.png,http://a.espncdn.com/i/teamlogos/ncaa/500-dark/9.png",3947.0,Tempe,AZ,85287,US,33.4264471,-111.9325005,65870.0,360.1569519,America/Phoenix,True,False
8,Arkansas,#a41f35,#ffffff,"ARK,Arkansas",ARK,SEC,,"http://a.espncdn.com/i/teamlogos/ncaa/500/8.png,http://a.espncdn.com/i/teamlogos/ncaa/500-dark/8.png",3887.0,Fayetteville,AR,72702,US,36.0680662,-94.1789534,80000.0,403.7972412,America/Chicago,False,False
2029,Arkansas-Pine Bluff,#e0aa0f,#eaaa00,"Arkansas Pine Bluff,UAPB,AR-Pine Bluff",UAPB,SWAC,West,"http://a.espncdn.com/i/teamlogos/ncaa/500/2029.png,http://a.espncdn.com/i/teamlogos/ncaa/500-dark/2029.png",3740.0,Pine Bluff,AR,71601,US,34.253327,-92.0214031,16000.0,67.71961975,America/Chicago,False,False
2032,Arkansas State,#e81018,#000000,"ARST,Arkansas St",ARST,Sun Belt,West,"http://a.espncdn.com/i/teamlogos/ncaa/500/2032.png,http://a.espncdn.com/i/teamlogos/ncaa/500-dark/2032.png",3625.0,Jonesboro,AR,72404,US,35.8488977,-90.6677436,30382.0,89.52690887,America/Chicago,False,False
349,Army,#ce9c00,#231f20,"ARMY,Army",ARMY,American Athletic,,"http://a.espncdn.com/i/teamlogos/ncaa/500/349.png,http://a.espncdn.com/i/teamlogos/ncaa/500-dark/349.png",3841.0,West Point,NY,10996,US,41.3874924,-73.9640891,38000.0,99.21277618,America/New_York,False,False
2,Auburn,#002b5c,#f26522,"AUB,Auburn",AUB,SEC,,"http://a.espncdn.com/i/teamlogos/ncaa/500/2.png,http://a.espncdn.com/i/teamlogos/ncaa/500-dark/2.png",3785.0,Auburn,AL,36849,US,32.6025532,-85.4897479,87451.0,201.1737976,America/Chicago,True,False
2046,Austin Peay,#8e0b0b,#null,"APSU,Austin Peay",APSU,UAC,,"http://a.espncdn.com/i/teamlogos/ncaa/500/2046.png,http://a.espncdn.com/i/teamlogos/ncaa/500-dark/2046.png",3742.0,Clarksville,TN,37040,US,36.5362559,-87.3525507,10100.0,142.8643188,America/Chicago,False,False
2050,Ball State,#DA0000,#ffffff,"BALL,Ball State",BALL,Mid-American,,"http://a.espncdn.com/i/teamlogos/ncaa/500/2050.png,http://a.espncdn.com/i/teamlogos/ncaa/500-dark/2050.png",3919.0,Muncie,IN,47306,US,40.2159422,-85.4161148,22500.0,285.481781,America/Indiana/Indianapolis,False,False
239,Baylor,#154734,#ffb81c,"BAY,Baylor",BAY,Big 12,,"http://a.espncdn.com/i/teamlogos/ncaa/500/239.png,http://a.espncdn.com/i/teamlogos/ncaa/500-dark/239.png",4727.0,Waco,TX,76704,US,31.5582015,-97.1156702,45140.0,117.0538101,America/Chicago,False,False
2065,Bethune-Cookman,#7b1831,#e9aa12,"BCU,Bethune",BCU,SWAC,East,"http://a.espncdn.com/i/teamlogos/ncaa/500/2065.png,http://a.espncdn.com/i/teamlogos/ncaa/500-dark/2065.png",3850.0,Daytona Beach,FL,32114,US,29.173466,-81.117511,10000.0,9.516305923,America/New_York,False,False
68,Boise State,#0033a0,#fa4616,"BOIS,Boise St",BOIS,Mountain West,,"http://a.espncdn.com/i/teamlogos/ncaa/500/68.png,http://a.espncdn.com/i/teamlogos/ncaa/500-dark/68.png",3653.0,Boise,ID,83725,US,43.6028839,-116.1958882,36387.0,823.2221069,America/Boise,False,False
103,Boston College,#8c2232,#dbcca6,"BC,Boston College",BC,ACC,,"http://a.espncdn.com/i/teamlogos/ncaa/500/103.png,http://a.espncdn.com/i/teamlogos/ncaa/500-dark/103.png",3615.0,Chestnut Hill,MA,2467 ,US,42.335104,-71.1664413,44500.0,39.82634354,America/New_York,False,False
189,Bowling Green,#2b1000,#492000,"Bowling Green State,BGSU,Bowling Green",BGSU,Mid-American,,"http://a.espncdn.com/i/teamlogos/ncaa/500/189.png,http://a.espncdn.com/i/teamlogos/ncaa/500-dark/189.png",3700.0,Bowling Green,OH,43403,US,41.3780114,-83.6225,24000.0,205.9057465,America/New_York,False,False
225,Brown,#411e09,#949300,"BRWN,Brown",BRWN,Ivy,,"http://a.espncdn.com/i/teamlogos/ncaa/500/225.png,http://a.espncdn.com/i/teamlogos/ncaa/500-dark/225.png",3656.0,Providence,RI,2912 ,US,41.842114,-71.3939416,20000.0,33.87348557,America/New_York,False,False
2803,Bryant,#null,#9f8343,"BRY,Bryant",BRY,CAA,,"http://a.espncdn.com/i/teamlogos/ncaa/500/2803.png,http://a.espncdn.com/i/teamlogos/ncaa/500-dark/2803.png",3661.0,Smithfield,RI,93710,US,41.924206,-71.5385124,4400.0,124.471344,America/New_York,False,False
2083,Bucknell,#000060,#00316e,"BUCK,Bucknell",BUCK,Patriot,,"http://a.espncdn.com/i/teamlogos/ncaa/500/2083.png,http://a.espncdn.com/i/teamlogos/ncaa/500-dark/2083.png",3676.0,Lewisburg,PA,17837,US,40.9519411,-76.884752,13100.0,151.194931,America/New_York,False,False
2084,Buffalo,#041A9B,#ebebeb,"BUF,Buffalo",BUF,Mid-American,,"http://a.espncdn.com/i/teamlogos/ncaa/500/2084.png,http://a.espncdn.com/i/teamlogos/ncaa/500-dark/2084.png",3965.0,Amherst,NY,14260,US,42.9991334,-78.7775113,30270.0,181.5759735,America/New_York,False,False
2086,Butler,#0d1361,#00a3e0,"BUT,Butler",BUT,Pioneer,,"http://a.espncdn.com/i/teamlogos/ncaa/500/2086.png,http://a.espncdn.com/i/teamlogos/ncaa/500-dark/2086.png",3664.0,Indianapolis,IN,46721,US,39.8444694,-86.1659242,5647.0,221.1980591,America/Indiana/Indianapolis,False,False
252,BYU,#003da5,#ffffff,"Brigham Young,BYU,BYU",BYU,Big 12,,"http://a.espncdn.com/i/teamlogos/ncaa/500/252.png,http://a.espncdn.com/i/teamlogos/ncaa/500-dark/252.png",3801.0,Provo,UT,84602,US,40.2575347,-111.6545247,63470.0,1412.097046,America/Denver,True,False
25,California,#031522,#ffc423,"CAL,California",CAL,ACC,,"http://a.espncdn.com/i/teamlogos/ncaa/500/25.png,http://a.espncdn.com/i/teamlogos/ncaa/500-dark/25.png",3831.0,Berkeley,CA,94720,US,37.8710434,-122.2507729,62467.0,125.3108063,America/Los_Angeles,False,False
13,Cal Poly,#1E4D2B,#eed897,"CP,Cal Poly",CP,Big Sky,,"http://a.espncdn.com/i/teamlogos/ncaa/500/13.png,http://a.espncdn.com/i/teamlogos/ncaa/500-dark/13.png",1027.0,San Luis Obispo,CA,93405,US,35.2984123,-120.6650005,11075.0,84.6832428,America/Los_Angeles,True,False
2097,Campbell,#null,#null,"CAM,Campbell",CAM,CAA,,"http://a.espncdn.com/i/teamlogos/ncaa/500/2097.png,http://a.espncdn.com/i/teamlogos/ncaa/500-dark/2097.png",3629.0,Buies Creek,NC,27506,US,35.4047689,-78.7424842,5500.0,56.51401138,America/New_York,False,False
2110,Central Arkansas,#a7a9ac,#8e959a,"CARK,C Arkansas",CARK,UAC,,"http://a.espncdn.com/i/teamlogos/ncaa/500/2110.png,http://a.espncdn.com/i/teamlogos/ncaa/500-dark/2110.png",3711.0,Conway,AR,72035,US,35.0802599,-92.460045,10000.0,94.25577545,America/Chicago,False,False
2115,Central Connecticut,#1B49A2,#d1d5d8,"Central Connecticut State,CCSU,C Connecticut",CCSU,NEC,,"http://a.espncdn.com/i/teamlogos/ncaa/500/2115.png,http://a.espncdn.com/i/teamlogos/ncaa/500-dark/2115.png",3624.0,New Britain,CT,6053 ,US,41.6950591,-72.7616197,5500.0,41.29866409,America/New_York,False,False
2117,Central Michigan,#6a0032,#ffc82e,"CMU,C Michigan",CMU,Mid-American,,"http://a.espncdn.com/i/teamlogos/ncaa/500/2117.png,http://a.espncdn.com/i/teamlogos/ncaa/500-dark/2117.png",3786.0,Mount Pleasant,MI,48859,US,43.5777313,-84.7709904,30255.0,240.9007721,America/Detroit,False,False
2127,Charleston Southern,#2e3192,#ded090,"CHSO,Charleston So",CHSO,Big South-OVC,,"http://a.espncdn.com/i/teamlogos/ncaa/500/2127.png,http://a.espncdn.com/i/teamlogos/ncaa/500-dark/2127.png",3658.0,North Charleston,SC,29406,US,32.9810239,-80.0659664,4000.0,12.6744318,America/New_York,False,False
2429,Charlotte,#046A38,#B9975B,"CLT,Charlotte",CLT,American Athletic,,"http://a.espncdn.com/i/teamlogos/ncaa/500/2429.png,http://a.espncdn.com/i/teamlogos/ncaa/500-dark/2429.png",4418.0,Charlotte,NC,28223,US,35.3105033,-80.7401194,15300.0,190.365509,America/New_York,False,False
236,Chattanooga,#00386b,#dca71d,"UTC,Chattanooga",UTC,Southern,,"http://a.espncdn.com/i/teamlogos/ncaa/500/236.png,http://a.espncdn.com/i/teamlogos/ncaa/500-dark/236.png",3720.0,Chattanooga,TN,37403,US,35.0363792,-85.3158835,20668.0,200.1825104,America/New_York,False,False
2132,Cincinnati,#E00122,#000000,"CIN,Cincinnati",CIN,Big 12,,"http://a.espncdn.com/i/teamlogos/ncaa/500/2132.png,http://a.espncdn.com/i/teamlogos/ncaa/500-dark/2132.png",3854.0,Cincinnati,OH,45221,US,39.1312495,-84.5161913,40000.0,230.0660553,America/New_York,False,False
228,Clemson,#f56600,#522d80,"CLEM,Clemson",CLEM,ACC,,"http://a.espncdn.com/i/teamlogos/ncaa/500/228.png,http://a.espncdn.com/i/teamlogos/ncaa/500-dark/228.png",3836.0,Clemson,SC,29634,US,34.6787737,-82.8432428,81500.0,205.6452179,America/New_York,True,False
324,Coastal Carolina,#007073,#876447,"CCU,Coastal",CCU,Sun Belt,East,"http://a.espncdn.com/i/teamlogos/ncaa/500/324.png,http://a.espncdn.com/i/teamlogos/ncaa/500-dark/324.png",3654.0,Conway,SC,29528,US,33.7928506,-79.0166946,21000.0,13.74894905,America/New_York,False,False
2142,Colgate,#821019,#ffffff,"COLG,Colgate",COLG,Patriot,,"http://a.espncdn.com/i/teamlogos/ncaa/500/2142.png,http://a.espncdn.com/i/teamlogos/ncaa/500-dark/2142.png",3617.0,Hamilton,NY,13346,US,42.8168991,-75.5452721,10221.0,337.1443787,America/New_York,False,False
38,Colorado,#CFB87C,#000000,"COLO,Colorado",COLO,Big 12,,"http://a.espncdn.com/i/teamlogos/ncaa/500/38.png,http://a.espncdn.com/i/teamlogos/ncaa/500-dark/38.png",3726.0,Boulder,CO,80309,US,40.0094746,-105.266905,50183.0,1634.041138,America/Denver,True,False
36,Colorado State,#1e4d2b,#c8c372,"CSU,Colorado St",CSU,Mountain West,,"http://a.espncdn.com/i/teamlogos/ncaa/500/36.png,http://a.espncdn.com/i/teamlogos/ncaa/500-dark/36.png",5388.0,Fort Collins,CO,80521,US,40.570015,-105.088435,36500.0,1528.4,America/Denver,False,False
171,Columbia,#174785,#004b85,"COLU,Columbia",COLU,Ivy,,"http://a.espncdn.com/i/teamlogos/ncaa/500/171.png,http://a.espncdn.com/i/teamlogos/ncaa/500-dark/171.png",3802.0,Manhattan,NY,10034,US,40.8732697,-73.9164594,17000.0,10.95070267,America/New_York,False,False
172,Cornell,#d60027,#101010,"COR,Cornell",COR,Ivy,,"http://a.espncdn.com/i/teamlogos/ncaa/500/172.png,http://a.espncdn.com/i/teamlogos/ncaa/500-dark/172.png",3921.0,Ithaca,NY,14850,US,42.4439016,-76.4785398,21500.0,257.3187561,America/New_York,False,False
159,Dartmouth,#005730,#000000,"DART,Dartmouth",DART,Ivy,,"http://a.espncdn.com/i/teamlogos/ncaa/500/159.png,http://a.espncdn.com/i/teamlogos/ncaa/500-dark/159.png",3826.0,Hanover,NH,3755 ,US,43.701302,-72.2842781,11000.0,152.3080139,America/New_York,False,False
2166,Davidson,#null,#e51837,"DAV,Davidson",DAV,Pioneer,,"http://a.espncdn.com/i/teamlogos/ncaa/500/2166.png,http://a.espncdn.com/i/teamlogos/ncaa/500-dark/2166.png",3897.0,Davidson,NC,28036,US,35.4995744,-80.8428419,6000.0,249.4658203,America/New_York,False,False
2168,Dayton,#004B8D,#ffffff,"DAY,Dayton",DAY,Pioneer,,"http://a.espncdn.com/i/teamlogos/ncaa/500/2168.png,http://a.espncdn.com/i/teamlogos/ncaa/500-dark/2168.png",3988.0,Dayton,OH,45417,US,39.7369239,-84.1981068,11000.0,222.4020081,America/New_York,False,False
48,Delaware,#033594,#e8ce31,"DEL,Delaware",DEL,Conference USA,,"http://a.espncdn.com/i/teamlogos/ncaa/500/48.png,http://a.espncdn.com/i/teamlogos/ncaa/500-dark/48.png",3695.0,Newark,DE,19713,US,39.6617428,-75.7488224,22000.0,28.74350357,America/New_York,False,False
2169,Delaware State,#FF3630,#009cdd,"DSU,Delaware St",DSU,MEAC,,"http://a.espncdn.com/i/teamlogos/ncaa/500/2169.png,http://a.espncdn.com/i/teamlogos/ncaa/500-dark/2169.png",3613.0,Dover,DE,19901,US,39.189375,-75.5433185,7193.0,10.95275307,America/New_York,False,False
2181,Drake,#005596,#bec0c2,"DRKE,Drake",DRKE,Pioneer,,"http://a.espncdn.com/i/teamlogos/ncaa/500/2181.png,http://a.espncdn.com/i/teamlogos/ncaa/500-dark/2181.png",3701.0,Des Moines,IA,50311,US,41.605,-93.655,14557.0,277.8869934,America/Chicago,False,False
150,Duke,#013088,#ffffff,"DUKE,Duke",DUKE,ACC,,"http://a.espncdn.com/i/teamlogos/ncaa/500/150.png,http://a.espncdn.com/i/teamlogos/ncaa/500-dark/150.png",3982.0,Durham,NC,27708,US,35.9953688,-78.9417564,40004.0,103.0028152,America/New_York,True,False
2184,Duquesne,#002D62,#b90b2e,"DUQ,Duquesne",DUQ,NEC,,"http://a.espncdn.com/i/teamlogos/ncaa/500/2184.png,http://a.espncdn.com/i/teamlogos/ncaa/500-dark/2184.png",3623.0,Pittsburgh,PA,15282,US,40.4355808,-79.9900263,2200.0,269.4302979,America/New_York,False,False
151,East Carolina,#4b1869,#f0907b,"ECU,East Carolina",ECU,American Athletic,,"http://a.espncdn.com/i/teamlogos/ncaa/500/151.png,http://a.espncdn.com/i/teamlogos/ncaa/500-dark/151.png",3699.0,Greenville,NC,27858,US,35.5968486,-77.364564,50000.0,19.0564537,America/New_York,True,False
2197,Eastern Illinois,#null,#bebab9,"EIU,E Illinois",EIU,Big South-OVC,,"http://a.espncdn.com/i/teamlogos/ncaa/500/2197.png,http://a.espncdn.com/i/teamlogos/ncaa/500-dark/2197.png",3858.0,Charleston,IL,61920,US,39.4804965,-88.1811618,10000.0,212.9662933,America/Chicago,False,False
2198,Eastern Kentucky,#660819,#f0f0f0,"EKU,E Kentucky",EKU,UAC,,"http://a.espncdn.com/i/teamlogos/ncaa/500/2198.png,http://a.espncdn.com/i/teamlogos/ncaa/500-dark/2198.png",3908.0,Richmond,KY,40475,US,37.7344109,-84.2972854,20000.0,298.1834717,America/New_York,False,False
2199,Eastern Michigan,#00331b,#f0f0f0,"EMU,E Michigan",EMU,Mid-American,,"http://a.espncdn.com/i/teamlogos/ncaa/500/2199.png,http://a.espncdn.com/i/teamlogos/ncaa/500-dark/2199.png",3912.0,Ypsilanti,MI,48197,US,42.256126,-83.647285,30200.0,241.248764,America/Detroit,False,False
331,Eastern Washington,#a10022,#abb4bc,"EWU,E Washington",EWU,Big Sky,,"http://a.espncdn.com/i/teamlogos/ncaa/500/331.png,http://a.espncdn.com/i/teamlogos/ncaa/500-dark/331.png",3906.0,Cheney,WA,99004,US,47.49278,-117.587353,8500.0,750.2774658,America/Los_Angeles,False,False
2193,East Tennessee State,#002d61,#ffc423,"ETSU,ETSU",ETSU,Southern,,"http://a.espncdn.com/i/teamlogos/ncaa/500/2193.png,http://a.espncdn.com/i/teamlogos/ncaa/500-dark/2193.png",5400.0,Johnson City,TN,37604,US,36.299084,-82.374117,7694.0,512.5,America/New_York,False,False
2837,East Texas A&M,#null,#null,"Texas A&M-Commerce,ETAM,E Texas A&M",ETAM,Southland,,"http://a.espncdn.com/i/teamlogos/ncaa/500/2837.png,http://a.espncdn.com/i/teamlogos/ncaa/500-dark/2837.png",4762.0,Commerce,TX,75428,US,33.2442615,-95.9006353,11582.0,,,,False
2210,Elon,#020303,#b59a57,"ELON,Elon",ELON,CAA,,"http://a.espncdn.com/i/teamlogos/ncaa/500/2210.png,http://a.espncdn.com/i/teamlogos/ncaa/500-dark/2210.png",3894.0,Elon,NC,77493,US,36.1101269,-79.5079979,14000.0,204.2487793,America/New_York,True,False
57,Florida,#0021a5,#fa4616,"FLA,Florida",FLA,SEC,,"http://a.espncdn.com/i/teamlogos/ncaa/500/57.png,http://a.espncdn.com/i/teamlogos/ncaa/500-dark/57.png",3634.0,Gainesville,FL,32653,US,29.6499357,-82.3485788,88548.0,44.97250748,America/New_York,True,False
50,Florida A&M,#F89728,#00843d,"FAMU,Florida A&M",FAMU,SWAC,East,"http://a.espncdn.com/i/teamlogos/ncaa/500/50.png,http://a.espncdn.com/i/teamlogos/ncaa/500-dark/50.png",3650.0,Tallahassee,FL,32307,US,30.4261632,-84.2923095,25500.0,31.18483925,America/New_York,False,False
2226,Florida Atlantic,#00447c,#d31245,"FAU,FAU",FAU,American Athletic,,"http://a.espncdn.com/i/teamlogos/ncaa/500/2226.png,http://a.espncdn.com/i/teamlogos/ncaa/500-dark/2226.png",3715.0,Boca Raton,FL,33499,US,26.3763763,-80.1015759,29419.0,3.613628864,America/New_York,False,False
2229,Florida International,#001538,#c5960c,"Florida Intl,FIU,FIU",FIU,Conference USA,,"http://a.espncdn.com/i/teamlogos/ncaa/500/2229.png,http://a.espncdn.com/i/teamlogos/ncaa/500-dark/2229.png",2031.0,Miami,FL,,US,,,,,,,False
52,Florida State,#782f40,#ceb888,"FSU,Florida St",FSU,ACC,,"http://a.espncdn.com/i/teamlogos/ncaa/500/52.png,http://a.espncdn.com/i/teamlogos/ncaa/500-dark/52.png",3697.0,Tallahassee,FL,32306,US,30.4381692,-84.3044032,67277.0,19.55942535,America/New_York,True,False
2230,Fordham,#830032,#909090,"FOR,Fordham",FOR,Patriot,,"http://a.espncdn.com/i/teamlogos/ncaa/500/2230.png,http://a.espncdn.com/i/teamlogos/ncaa/500-dark/2230.png",150.0,Bronx,NY,,US,40.8466508,-73.8785937,7000.0,,,,False
278,Fresno State,#db0032,#002e6d,"FRES,Fresno St",FRES,Mountain West,,"http://a.espncdn.com/i/teamlogos/ncaa/500/278.png,http://a.espncdn.com/i/teamlogos/ncaa/500-dark/278.png",3660.0,Fresno,CA,93740,US,36.8143527,-119.7580092,41031.0,102.564064,America/Los_Angeles,False,False
231,Furman,#582c83,#ffffff,"FUR,Furman",FUR,Southern,,"http://a.espncdn.com/i/teamlogos/ncaa/500/231.png,http://a.espncdn.com/i/teamlogos/ncaa/500-dark/231.png",3868.0,Greenville,SC,29617,US,34.920192,-82.4370917,16000.0,303.2829285,America/New_York,False,False
2241,Gardner-Webb,#c12535,#909090,"Gardner Webb,GWEB,Gardner-Webb",GWEB,Big South-OVC,,"http://a.espncdn.com/i/teamlogos/ncaa/500/2241.png,http://a.espncdn.com/i/teamlogos/ncaa/500-dark/2241.png",3710.0,Boiling Springs,NC,28152,US,35.2457593,-81.6739887,9000.0,253.207016,America/New_York,False,False
46,Georgetown,#110E42,#001c58,"GTWN,Georgetown",GTWN,Patriot,,"http://a.espncdn.com/i/teamlogos/ncaa/500/46.png,http://a.espncdn.com/i/teamlogos/ncaa/500-dark/46.png",3847.0,Washington,DC,20007,US,38.9080248,-77.0753144,3750.0,32.38431549,America/New_York,False,False
61,Georgia,#ba0c2f,#ffffff,"UGA,Georgia",UGA,SEC,,"http://a.espncdn.com/i/teamlogos/ncaa/500/61.png,http://a.espncdn.com/i/teamlogos/ncaa/500-dark/61.png",3917.0,Athens,GA,30602,US,33.9498197,-83.3733813,92746.0,186.1120758,America/New_York,True,False
290,Georgia Southern,#003775,#f0f0f0,"GASO,GA Southern",GASO,Sun Belt,East,"http://a.espncdn.com/i/teamlogos/ncaa/500/290.png,http://a.espncdn.com/i/teamlogos/ncaa/500-dark/290.png",3608.0,Statesboro,GA,30460,US,32.4122471,-81.7849296,25000.0,61.25376892,America/New_York,False,False
2247,Georgia State,#1e539a,#ebebeb,"GAST,Georgia St",GAST,Sun Belt,East,"http://a.espncdn.com/i/teamlogos/ncaa/500/2247.png,http://a.espncdn.com/i/teamlogos/ncaa/500-dark/2247.png",4246.0,Atlanta,GA,30315,US,33.735267,-84.389949,25000.0,287.0,America/New_York,False,False
59,Georgia Tech,#003057,#b3a369,"GT,Georgia Tech",GT,ACC,,"http://a.espncdn.com/i/teamlogos/ncaa/500/59.png,http://a.espncdn.com/i/teamlogos/ncaa/500-dark/59.png",721.0,Atlanta,GA,30332,US,33.7724449,-84.3928054,55000.0,279.300415,America/New_York,False,False
2755,Grambling,#ee8601,#ffd10a,"Grambling State,GRAM,Grambling",GRAM,SWAC,West,"http://a.espncdn.com/i/teamlogos/ncaa/500/2755.png,http://a.espncdn.com/i/teamlogos/ncaa/500-dark/2755.png",3902.0,Grambling,LA,71245,US,32.5258665,-92.7146412,19600.0,94.58428955,America/Chicago,False,False
2261,Hampton,#0067AC,#null,"HAMP,Hampton",HAMP,CAA,,"http://a.espncdn.com/i/teamlogos/ncaa/500/2261.png,http://a.espncdn.com/i/teamlogos/ncaa/500-dark/2261.png",3620.0,Hampton,VA,23669,US,37.0200894,-76.3331555,12000.0,2.574624538,America/New_York,False,False
108,Harvard,#990000,#dbdbdb,"HARV,Harvard",HARV,Ivy,,"http://a.espncdn.com/i/teamlogos/ncaa/500/108.png,http://a.espncdn.com/i/teamlogos/ncaa/500-dark/108.png",3750.0,Boston,MA,2134 ,US,42.366704,-71.1267511,30323.0,1.96428895,America/New_York,False,False
62,Hawai'i,#003420,#ffffff,"HAW,Hawaiâ€™i",HAW,Mountain West,,"http://a.espncdn.com/i/teamlogos/ncaa/500/62.png,http://a.espncdn.com/i/teamlogos/ncaa/500-dark/62.png",7220.0,Honolulu,HI,96822,,21.294294,-157.819338,9000.0,20.0,,True,False
107,Holy Cross,#0a0a0a,#080808,"HC,Holy Cross",HC,Patriot,,"http://a.espncdn.com/i/teamlogos/ncaa/500/107.png,http://a.espncdn.com/i/teamlogos/ncaa/500-dark/107.png",3722.0,Worcester,MA,1601 ,US,42.2403564,-71.8111424,23500.0,137.3915253,America/New_York,True,False
248,Houston,#c92a39,#ffffff,"HOU,Houston",HOU,Big 12,,"http://a.espncdn.com/i/teamlogos/ncaa/500/248.png,http://a.espncdn.com/i/teamlogos/ncaa/500-dark/248.png",4728.0,Houston,TX,77004,US,29.7219885,-95.3491623,40000.0,9.57440567,America/Chicago,False,False
2277,Houston Christian,#00539c,#null,"Houston Baptist,HCU,Hou Christian",HCU,Southland,,"http://a.espncdn.com/i/teamlogos/ncaa/500/2277.png,http://a.espncdn.com/i/teamlogos/ncaa/500-dark/2277.png",4424.0,Houston,TX,77074,US,29.6949025,-95.5167353,5000.0,19.87884521,America/Chicago,False,False
47,Howard,#003a63,#e51937,"HOW,Howard",HOW,MEAC,,"http://a.espncdn.com/i/teamlogos/ncaa/500/47.png,http://a.espncdn.com/i/teamlogos/ncaa/500-dark/47.png",3990.0,Washington,DC,20059,US,38.925487,-77.021047,10000.0,53.46718979,America/New_York,False,False
70,Idaho,#null,#8c6e4a,"IDHO,Idaho",IDHO,Big Sky,,"http://a.espncdn.com/i/teamlogos/ncaa/500/70.png,http://a.espncdn.com/i/teamlogos/ncaa/500-dark/70.png",3791.0,Moscow,ID,83843,US,46.7262921,-117.0173713,16000.0,794.4794922,America/Los_Angeles,False,True
304,Idaho State,#ef8c00,#e9a126,"IDST,Idaho St",IDST,Big Sky,,"http://a.espncdn.com/i/teamlogos/ncaa/500/304.png,http://a.espncdn.com/i/teamlogos/ncaa/500-dark/304.png",1930.0,Pocatello,ID,83201,US,42.8702052,-112.4281274,12000.0,1390.252441,America/Boise,False,True
356,Illinois,#ff5f05,#13294b,"ILL,Illinois",ILL,Big Ten,,"http://a.espncdn.com/i/teamlogos/ncaa/500/356.png,http://a.espncdn.com/i/teamlogos/ncaa/500-dark/356.png",3832.0,Champaign,IL,61820,US,40.0993268,-88.2359569,60670.0,223.2471619,America/Chicago,False,False
2287,Illinois State,#CE1126,#ffe716,"ILST,Illinois St",ILST,MVFC,,"http://a.espncdn.com/i/teamlogos/ncaa/500/2287.png,http://a.espncdn.com/i/teamlogos/ncaa/500-dark/2287.png",3744.0,Normal,IL,61761,US,40.5125091,-88.9967177,15000.0,242.8722687,America/Chicago,False,False
2916,Incarnate Word,#null,#080808,"UIW,Incarnate Word",UIW,Southland,,"http://a.espncdn.com/i/teamlogos/ncaa/500/2916.png,http://a.espncdn.com/i/teamlogos/ncaa/500-dark/2916.png",3734.0,San Antonio,TX,78209,US,29.4674787,-98.470014,6000.0,208.4659576,America/Chicago,False,False
84,Indiana,#990000,#edebeb,"IU,Indiana",IU,Big Ten,,"http://a.espncdn.com/i/teamlogos/ncaa/500/84.png,http://a.espncdn.com/i/teamlogos/ncaa/500-dark/84.png",3830.0,Bloomington,IN,47408,US,39.1808959,-86.5256217,52656.0,231.6500854,America/Indiana/Indianapolis,False,False
282,Indiana State,#00669a,#f0f0f0,"INST,Indiana St",INST,MVFC,,"http://a.espncdn.com/i/teamlogos/ncaa/500/282.png,http://a.espncdn.com/i/teamlogos/ncaa/500-dark/282.png",3829.0,Terre Haute,IN,47809,US,39.4746858,-87.3669599,12764.0,155.5213165,America/Indiana/Indianapolis,False,False
2294,Iowa,#000000,#FFCD00,"IOWA,Iowa",IOWA,Big Ten,,"http://a.espncdn.com/i/teamlogos/ncaa/500/2294.png,http://a.espncdn.com/i/teamlogos/ncaa/500-dark/2294.png",3793.0,Iowa City,IA,52242,US,41.6586045,-91.5510829,69250.0,220.6357727,America/Chicago,False,False
66,Iowa State,#822433,#fdca2f,"ISU,Iowa State",ISU,Big 12,,"http://a.espncdn.com/i/teamlogos/ncaa/500/66.png,http://a.espncdn.com/i/teamlogos/ncaa/500-dark/66.png",3772.0,Ames,IA,50011,US,42.0139977,-93.6357716,61500.0,274.9135437,America/Chicago,True,False
2296,Jackson State,#123297,#b5b7ba,"JKST,Jackson St",JKST,SWAC,East,"http://a.espncdn.com/i/teamlogos/ncaa/500/2296.png,http://a.espncdn.com/i/teamlogos/ncaa/500-dark/2296.png",3976.0,Jackson,MS,39216,US,32.3300053,-90.1795578,44215.0,108.4067383,America/Chicago,True,False
55,Jacksonville State,#b50500,#b5b7ba,"JXST,Jax State",JXST,Conference USA,,"http://a.espncdn.com/i/teamlogos/ncaa/500/55.png,http://a.espncdn.com/i/teamlogos/ncaa/500-dark/55.png",3662.0,Jacksonville,AL,36265,US,33.8201052,-85.76647,24000.0,198.0679016,America/Chicago,False,False
256,James Madison,#450084,#b5a068,"JMU,James Madison",JMU,Sun Belt,East,"http://a.espncdn.com/i/teamlogos/ncaa/500/256.png,http://a.espncdn.com/i/teamlogos/ncaa/500-dark/256.png",3651.0,Harrisonburg,VA,22807,US,38.4352919,-78.8729349,24877.0,399.303009,America/New_York,False,False
2305,Kansas,#0051ba,#e8000d,"KU,Kansas",KU,Big 12,,"http://a.espncdn.com/i/teamlogos/ncaa/500/2305.png,http://a.espncdn.com/i/teamlogos/ncaa/500-dark/2305.png",3833.0,Lawrence,KS,66045,US,38.9629418,-95.2463686,47000.0,274.855957,America/Chicago,False,False
2306,Kansas State,#3c0969,#e2e3e4,"KSU,Kansas St",KSU,Big 12,,"http://a.espncdn.com/i/teamlogos/ncaa/500/2306.png,http://a.espncdn.com/i/teamlogos/ncaa/500-dark/2306.png",3636.0,Manhattan,KS,66502,US,39.2020096,-96.5938395,50000.0,328.0574646,America/Chicago,False,False
338,Kennesaw State,#fdbb30,#000000,"Kennesaw,KENN,Kennesaw St",KENN,Conference USA,,"http://a.espncdn.com/i/teamlogos/ncaa/500/338.png,http://a.espncdn.com/i/teamlogos/ncaa/500-dark/338.png",4899.0,Kennesaw,GA,48187,US,34.0289318,-84.5676234,8318.0,296.9589844,,,False
2309,Kent State,#003976,#efab00,"KENT,Kent State",KENT,Mid-American,,"http://a.espncdn.com/i/teamlogos/ncaa/500/2309.png,http://a.espncdn.com/i/teamlogos/ncaa/500-dark/2309.png",3696.0,Kent,OH,44242,US,41.1390935,-81.31346,25319.0,321.3641663,America/New_York,False,False
96,Kentucky,#0033a0,#ffffff,"UK,Kentucky",UK,SEC,,"http://a.espncdn.com/i/teamlogos/ncaa/500/96.png,http://a.espncdn.com/i/teamlogos/ncaa/500-dark/96.png",3683.0,Lexington,KY,40506,US,38.0220905,-84.5053408,61000.0,307.4248962,America/New_York,False,False
322,Lafayette,#790000,#a59474,"LAF,Lafayette",LAF,Patriot,,"http://a.espncdn.com/i/teamlogos/ncaa/500/322.png,http://a.espncdn.com/i/teamlogos/ncaa/500-dark/322.png",3721.0,Easton,PA,18042,US,40.7009796,-75.2106499,13132.0,81.43208313,America/New_York,False,False
2320,Lamar,#null,#ebebeb,"LAM,Lamar",LAM,Southland,,"http://a.espncdn.com/i/teamlogos/ncaa/500/2320.png,http://a.espncdn.com/i/teamlogos/ncaa/500-dark/2320.png",3882.0,Beaumont,TX,77705,US,30.04313,-94.069963,16000.0,3.981505394,America/Chicago,False,False
2329,Lehigh,#6c2b2a,#b69e70,"LEH,Lehigh",LEH,Patriot,,"http://a.espncdn.com/i/teamlogos/ncaa/500/2329.png,http://a.espncdn.com/i/teamlogos/ncaa/500-dark/2329.png",3741.0,Bethlehem,PA,18015,US,40.5890837,-75.3553874,16000.0,90.32305145,America/New_York,False,False
2335,Liberty,#071740,#a61f21,"LIB,Liberty",LIB,Conference USA,,"http://a.espncdn.com/i/teamlogos/ncaa/500/2335.png,http://a.espncdn.com/i/teamlogos/ncaa/500-dark/2335.png",3992.0,Lynchburg,VA,24502,US,37.3544305,-79.1750239,25000.0,272.9237061,America/New_York,False,False
2815,Lindenwood,#null,#null,"LIN,Lindenwood",LIN,Big South-OVC,,"http://a.espncdn.com/i/teamlogos/ncaa/500/2815.png,http://a.espncdn.com/i/teamlogos/ncaa/500-dark/2815.png",3749.0,Saint Charles,MO,63301,US,38.7946252,-90.519829,7450.0,,,,False
2341,Long Island University,#null,#null,"LIU,Long Island",LIU,NEC,,https://a.espncdn.com/i/teamlogos/ncaa/500/112358.png,6043.0,Brookville,NY,11545,US,40.816284,-73.589546,6000.0,236.0,America/New_York,False,False
309,Louisiana,#ce181e,#ffffff,"UL Lafayette,UL,Louisiana",UL,Sun Belt,West,"http://a.espncdn.com/i/teamlogos/ncaa/500/309.png,http://a.espncdn.com/i/teamlogos/ncaa/500-dark/309.png",3666.0,Lafayette,LA,70506,US,30.2158434,-92.0417371,41426.0,3.556508303,America/Chicago,False,False
2348,Louisiana Tech,#002d65,#d3313a,"LT,Louisiana Tech",LT,Conference USA,,"http://a.espncdn.com/i/teamlogos/ncaa/500/2348.png,http://a.espncdn.com/i/teamlogos/ncaa/500-dark/2348.png",3776.0,Ruston,LA,71272,US,32.5321487,-92.6560019,28019.0,72.87982941,America/Chicago,False,False
97,Louisville,#c9001f,#000000,"LOU,Louisville",LOU,ACC,,"http://a.espncdn.com/i/teamlogos/ncaa/500/97.png,http://a.espncdn.com/i/teamlogos/ncaa/500-dark/97.png",3873.0,Louisville,KY,40292,US,38.2057621,-85.7588141,60000.0,138.5615997,America/Kentucky/Louisville,False,False
99,LSU,#461d7c,#fdd023,"Louisiana State,LSU,LSU",LSU,SEC,,"http://a.espncdn.com/i/teamlogos/ncaa/500/99.png,http://a.espncdn.com/i/teamlogos/ncaa/500-dark/99.png",3958.0,Baton Rouge,LA,70803,US,30.412035,-91.1838163,102321.0,7.640734673,America/Chicago,True,False
311,Maine,#127dbe,#null,"ME,Maine",ME,CAA,,"http://a.espncdn.com/i/teamlogos/ncaa/500/311.png,http://a.espncdn.com/i/teamlogos/ncaa/500-dark/311.png",3607.0,Orono,ME,4469 ,US,44.905128,-68.6724718,10000.0,35.4817543,America/New_York,False,False
2368,Marist,#e53730,#f0f0f0,"MRST,Marist",MRST,Pioneer,,"http://a.espncdn.com/i/teamlogos/ncaa/500/2368.png,http://a.espncdn.com/i/teamlogos/ncaa/500-dark/2368.png",36.0,Poughkeepsie,NY,12601,US,41.7191409,-73.9329549,5000.0,24.94474983,America/New_York,False,False
276,Marshall,#00ae42,#be854c,"MRSH,Marshall",MRSH,Sun Belt,East,"http://a.espncdn.com/i/teamlogos/ncaa/500/276.png,http://a.espncdn.com/i/teamlogos/ncaa/500-dark/276.png",3775.0,Huntington,WV,25755,US,38.4247042,-82.4214412,38016.0,163.7328186,America/New_York,False,False
120,Maryland,#D5002B,#ffcd00,"MD,Maryland",MD,Big Ten,,"http://a.espncdn.com/i/teamlogos/ncaa/500/120.png,http://a.espncdn.com/i/teamlogos/ncaa/500-dark/120.png",3665.0,College Park,MD,20742,US,38.9903332,-76.9473792,51802.0,32.68748093,America/New_York,False,False
113,Massachusetts,#971B2F,#B1B3B3,"UMass,MASS,UMass",MASS,Mid-American,,"http://a.espncdn.com/i/teamlogos/ncaa/500/113.png,http://a.espncdn.com/i/teamlogos/ncaa/500-dark/113.png",3985.0,Hadley,MA,1003 ,US,42.3773244,-72.5360595,17000.0,46.58664703,America/New_York,False,False
2377,McNeese,#00529C,#null,"MCN,McNeese",MCN,Southland,,"http://a.espncdn.com/i/teamlogos/ncaa/500/2377.png,http://a.espncdn.com/i/teamlogos/ncaa/500-dark/2377.png",3686.0,Lake Charles,LA,70607,US,30.1804575,-93.2178729,17610.0,4.168509007,America/Chicago,False,False
235,Memphis,#004991,#8e908f,"MEM,Memphis",MEM,American Athletic,,"http://a.espncdn.com/i/teamlogos/ncaa/500/235.png,http://a.espncdn.com/i/teamlogos/ncaa/500-dark/235.png",3805.0,Memphis,TN,38152,US,35.1209429,-89.977147,58325.0,90.62445831,America/Chicago,False,False
2382,Mercer,#ff7f29,#080808,"MER,Mercer",MER,Southern,,"http://a.espncdn.com/i/teamlogos/ncaa/500/2382.png,http://a.espncdn.com/i/teamlogos/ncaa/500-dark/2382.png",4417.0,Macon,GA,31207,US,32.8262075,-83.6522485,10200.0,138.6699677,America/New_York,False,False
2385,Mercyhurst,#null,#null,"MERC,Mercyhurst",MERC,NEC,,"http://a.espncdn.com/i/teamlogos/ncaa/500/2385.png,http://a.espncdn.com/i/teamlogos/ncaa/500-dark/2385.png",4428.0,Erie,PA,16530,US,42.1294712,-80.0852695,2300.0,,,,False
2771,Merrimack,#null,#null,"MRMK,Merrimack",MRMK,FCS Independents,,"http://a.espncdn.com/i/teamlogos/ncaa/500/2771.png,http://a.espncdn.com/i/teamlogos/ncaa/500-dark/2771.png",6048.0,North Andover,MA,01845,US,42.6839894,-71.1127065,3500.0,,,,False
2390,Miami,#005030,#f47321,"Miami (FL),MIA,Miami",MIA,ACC,,"http://a.espncdn.com/i/teamlogos/ncaa/500/2390.png,http://a.espncdn.com/i/teamlogos/ncaa/500-dark/2390.png",3948.0,Miami Gardens,FL,33299,US,25.9579665,-80.2388604,64767.0,2.624486446,America/New_York,False,False
193,Miami (OH),#a4000c,#f0f0f0,"M-OH,Miami OH",M-OH,Mid-American,,"http://a.espncdn.com/i/teamlogos/ncaa/500/193.png,http://a.espncdn.com/i/teamlogos/ncaa/500-dark/193.png",3996.0,Oxford,OH,45056,US,39.5197009,-84.7330255,24286.0,242.2643585,America/New_York,False,False
130,Michigan,#00274c,#ffcb05,"MICH,Michigan",MICH,Big Ten,,"http://a.espncdn.com/i/teamlogos/ncaa/500/130.png,http://a.espncdn.com/i/teamlogos/ncaa/500-dark/130.png",3558.0,Ann Arbor,MI,48109,US,42.2658365,-83.7486956,107601.0,255.5500031,America/Detroit,False,False
127,Michigan State,#18453b,#ffffff,"MSU,Michigan St",MSU,Big Ten,,"http://a.espncdn.com/i/teamlogos/ncaa/500/127.png,http://a.espncdn.com/i/teamlogos/ncaa/500-dark/127.png",3936.0,East Lansing,MI,48824,US,42.7281474,-84.4848526,75005.0,254.8794861,America/Detroit,True,False
2393,Middle Tennessee,#006db6,#ffffff,"Middle Tennessee State,MTSU,MTSU",MTSU,Conference USA,,"http://a.espncdn.com/i/teamlogos/ncaa/500/2393.png,http://a.espncdn.com/i/teamlogos/ncaa/500-dark/2393.png",3725.0,Murfreesboro,TN,37132,US,35.8511463,-86.3681649,30788.0,191.7279816,America/Chicago,False,False
135,Minnesota,#5e0a2f,#fab41c,"MINN,Minnesota",MINN,Big Ten,,"http://a.espncdn.com/i/teamlogos/ncaa/500/135.png,http://a.espncdn.com/i/teamlogos/ncaa/500-dark/135.png",3953.0,Minneapolis,MN,55488,US,44.976525,-93.2245462,50850.0,254.3902283,America/Chicago,False,False
344,Mississippi State,#5d1725,#c1c6c8,"MSST,Mississippi St",MSST,SEC,,"http://a.espncdn.com/i/teamlogos/ncaa/500/344.png,http://a.espncdn.com/i/teamlogos/ncaa/500-dark/344.png",3693.0,Starkville,MS,39762,US,33.4563403,-88.7933652,61337.0,110.2742081,America/Chicago,True,False
2400,Mississippi Valley State,#005328,#cf2d34,"MVSU,Miss Valley St",MVSU,SWAC,East,"http://a.espncdn.com/i/teamlogos/ncaa/500/2400.png,http://a.espncdn.com/i/teamlogos/ncaa/500-dark/2400.png",3896.0,Itta Bena,MS,38941,US,33.5118304,-90.3397718,10000.0,39.88368607,America/Chicago,True,False
142,Missouri,#f1b82d,#000000,"MIZ,Missouri",MIZ,SEC,,"http://a.espncdn.com/i/teamlogos/ncaa/500/142.png,http://a.espncdn.com/i/teamlogos/ncaa/500-dark/142.png",3838.0,Columbia,MO,65211,US,38.9358491,-92.3332009,71168.0,212.6865692,America/Chicago,False,False
2623,Missouri State,#5F0000,#e8e8e8,"MOST,Missouri St",MOST,Conference USA,,"http://a.espncdn.com/i/teamlogos/ncaa/500/2623.png,http://a.espncdn.com/i/teamlogos/ncaa/500-dark/2623.png",3878.0,Springfield,MO,65897,US,37.1976229,-93.2798119,17337.0,402.368103,America/Chicago,False,False
2405,Monmouth,#051844,#null,"Monmouth NJ,MONM,Monmouth",MONM,CAA,,"http://a.espncdn.com/i/teamlogos/ncaa/500/2405.png,http://a.espncdn.com/i/teamlogos/ncaa/500-dark/2405.png",5389.0,West Long Branch,NJ,7764 ,US,40.278953,-74.009451,4200.0,9.9,America/New_York,False,False
149,Montana,#751D4A,#666666,"MONT,Montana",MONT,Big Sky,,"http://a.espncdn.com/i/teamlogos/ncaa/500/149.png,http://a.espncdn.com/i/teamlogos/ncaa/500-dark/149.png",3987.0,Missoula,MT,59812,US,46.8638753,-113.9815042,25217.0,970.345459,America/Denver,False,False
147,Montana State,#00205c,#bc955c,"MTST,Montana St",MTST,Big Sky,,"http://a.espncdn.com/i/teamlogos/ncaa/500/147.png,http://a.espncdn.com/i/teamlogos/ncaa/500-dark/147.png",3643.0,Bozeman,MT,59718,US,45.659048,-111.049547,17000.0,1507.508667,America/Denver,False,False
2413,Morehead State,#094FA3,#fed91a,"MORE,Morehead St",MORE,Pioneer,,"http://a.espncdn.com/i/teamlogos/ncaa/500/2413.png,http://a.espncdn.com/i/teamlogos/ncaa/500-dark/2413.png",3774.0,Morehead,KY,40351,US,38.1916481,-83.4253315,10000.0,228.1033936,America/New_York,False,False
2415,Morgan State,#014786,#f47937,"MORG,Morgan St",MORG,MEAC,,"http://a.espncdn.com/i/teamlogos/ncaa/500/2415.png,http://a.espncdn.com/i/teamlogos/ncaa/500-dark/2415.png",3762.0,Baltimore,MD,80521,US,39.3439778,-76.5829573,10000.0,67.05336761,America/New_York,False,False
93,Murray State,#002148,#000e00,"MUR,Murray St",MUR,MVFC,,"http://a.espncdn.com/i/teamlogos/ncaa/500/93.png,http://a.espncdn.com/i/teamlogos/ncaa/500-dark/93.png",3909.0,Murray,KY,42071,US,36.6215165,-88.3175531,16800.0,152.6495667,America/Chicago,False,False
2426,Navy,#00225b,#b5a67c,"NAVY,Navy",NAVY,American Athletic,,"http://a.espncdn.com/i/teamlogos/ncaa/500/2426.png,http://a.espncdn.com/i/teamlogos/ncaa/500-dark/2426.png",3852.0,Annapolis,MD,21402,US,38.9846985,-76.5076335,34000.0,10.74990082,America/New_York,False,False
152,NC State,#cc0000,#ffffff,"North Carolina St.,NCSU,NC State",NCSU,ACC,,"http://a.espncdn.com/i/teamlogos/ncaa/500/152.png,http://a.espncdn.com/i/teamlogos/ncaa/500-dark/152.png",3670.0,Raleigh,NC,27695,US,35.8008001,-78.7195655,58000.0,117.0089951,America/New_York,True,False
158,Nebraska,#d00000,#ffffff,"NEB,Nebraska",NEB,Big Ten,,"http://a.espncdn.com/i/teamlogos/ncaa/500/158.png,http://a.espncdn.com/i/teamlogos/ncaa/500-dark/158.png",3834.0,Lincoln,NE,68588,US,40.820682,-96.705594,85458.0,354.9318848,America/Chicago,False,False
2440,Nevada,#002d62,#ffffff,"NEV,Nevada",NEV,Mountain West,,"http://a.espncdn.com/i/teamlogos/ncaa/500/2440.png,http://a.espncdn.com/i/teamlogos/ncaa/500-dark/2440.png",3816.0,Reno,NV,89557,US,39.5469459,-119.8175435,27000.0,1406.57605,America/Los_Angeles,False,False
160,New Hampshire,#004990,#c3c4c6,"UNH,New Hampshire",UNH,CAA,,"http://a.espncdn.com/i/teamlogos/ncaa/500/160.png,http://a.espncdn.com/i/teamlogos/ncaa/500-dark/160.png",3688.0,Durham,NH,3824 ,US,43.1386231,-70.9393077,11015.0,19.05943298,America/New_York,False,False
167,New Mexico,#BA0C2F,#a7a8aa,"UNM,New Mexico",UNM,Mountain West,,"http://a.espncdn.com/i/teamlogos/ncaa/500/167.png,http://a.espncdn.com/i/teamlogos/ncaa/500-dark/167.png",3971.0,Albuquerque,NM,87131,US,35.0669479,-106.6283225,39224.0,1554.471924,America/Denver,False,False
166,New Mexico State,#891216,#000000,"NMSU,New Mexico St",NMSU,Conference USA,,"http://a.espncdn.com/i/teamlogos/ncaa/500/166.png,http://a.espncdn.com/i/teamlogos/ncaa/500-dark/166.png",3601.0,Las Cruces,NM,88003,US,32.2796202,-106.7411148,28853.0,1208.201294,America/Denver,False,False
2447,Nicholls,#C41230,#f0f0f0,"NICH,Nicholls",NICH,Southland,,"http://a.espncdn.com/i/teamlogos/ncaa/500/2447.png,http://a.espncdn.com/i/teamlogos/ncaa/500-dark/2447.png",3779.0,Thibodaux,LA,70301,US,29.7867254,-90.80455,10500.0,3.23726368,America/Chicago,False,False
2450,Norfolk State,#0c8968,#fdb813,"NORF,Norfolk St",NORF,MEAC,,"http://a.espncdn.com/i/teamlogos/ncaa/500/2450.png,http://a.espncdn.com/i/teamlogos/ncaa/500-dark/2450.png",3991.0,Norfolk,VA,23504,US,36.8469442,-76.2600839,30000.0,4.916433334,America/New_York,False,False
2453,North Alabama,#null,#null,"UNA,North Alabama",UNA,UAC,,"http://a.espncdn.com/i/teamlogos/ncaa/500/2453.png,http://a.espncdn.com/i/teamlogos/ncaa/500-dark/2453.png",4133.0,Florence,AL,35630,US,34.810914,-87.670587,14215.0,172.3,America/Chicago,False,False
153,North Carolina,#7bafd4,#13294b,"UNC,North Carolina",UNC,ACC,,"http://a.espncdn.com/i/teamlogos/ncaa/500/153.png,http://a.espncdn.com/i/teamlogos/ncaa/500-dark/153.png",3787.0,Chapel Hill,NC,27515,US,35.9069294,-79.0478889,50500.0,127.7569809,America/New_York,False,False
2448,North Carolina A&T,#0505aa,#004684,"NCAT,NC A&T",NCAT,CAA,,"http://a.espncdn.com/i/teamlogos/ncaa/500/2448.png,http://a.espncdn.com/i/teamlogos/ncaa/500-dark/2448.png",3603.0,Greensboro,NC,27411,US,36.0814337,-79.7700391,21500.0,235.1224518,America/New_York,True,False
2428,North Carolina Central,#880023,#c2c3c0,"NCCU,NC Central",NCCU,MEAC,,"http://a.espncdn.com/i/teamlogos/ncaa/500/2428.png,http://a.espncdn.com/i/teamlogos/ncaa/500-dark/2428.png",3862.0,Durham,NC,27707,US,35.9738646,-78.896969,10000.0,96.73323059,America/New_York,False,False
155,North Dakota,#00A26B,#c2c3c0,"UND,North Dakota",UND,MVFC,,"http://a.espncdn.com/i/teamlogos/ncaa/500/155.png,http://a.espncdn.com/i/teamlogos/ncaa/500-dark/155.png",3605.0,Grand Forks,ND,58201,US,47.910622,-97.090996,12283.0,255.2472076,America/Chicago,False,True
2449,North Dakota State,#01402A,#ffffff,"NDSU,N Dakota St",NDSU,MVFC,,"http://a.espncdn.com/i/teamlogos/ncaa/500/2449.png,http://a.espncdn.com/i/teamlogos/ncaa/500-dark/2449.png",3714.0,Fargo,ND,51802,US,46.9029938,-96.8003251,18700.0,274.4847717,America/Chicago,False,True
2464,Northern Arizona,#003976,#1b3069,"NAU,N Arizona",NAU,Big Sky,,"http://a.espncdn.com/i/teamlogos/ncaa/500/2464.png,http://a.espncdn.com/i/teamlogos/ncaa/500-dark/2464.png",2023.0,Flagstaff,AZ,86001,US,35.1805483,-111.6528377,10000.0,2097.884766,America/Phoenix,False,True
2458,Northern Colorado,#13558D,#ffc533,"UNCO,N Colorado",UNCO,Big Sky,,"http://a.espncdn.com/i/teamlogos/ncaa/500/2458.png,http://a.espncdn.com/i/teamlogos/ncaa/500-dark/2458.png",3856.0,Greeley,CO,80639,US,40.403493,-104.705139,8500.0,1455.349976,America/Denver,True,False
2459,Northern Illinois,#F1122C,#cc0000,"NIU,N Illinois",NIU,Mid-American,,"http://a.espncdn.com/i/teamlogos/ncaa/500/2459.png,http://a.espncdn.com/i/teamlogos/ncaa/500-dark/2459.png",3764.0,DeKalb,IL,60115,US,41.9339586,-88.7778357,23595.0,267.4530029,America/Chicago,False,False
2460,Northern Iowa,#473282,#ffffff,"UNI,Northern Iowa",UNI,MVFC,,"http://a.espncdn.com/i/teamlogos/ncaa/500/2460.png,http://a.espncdn.com/i/teamlogos/ncaa/500-dark/2460.png",3967.0,Cedar Falls,IA,50614,US,42.5156111,-92.4672307,16324.0,281.8959656,America/Chicago,False,True
249,North Texas,#00853E,#000000,"UNT,North Texas",UNT,American Athletic,,"http://a.espncdn.com/i/teamlogos/ncaa/500/249.png,http://a.espncdn.com/i/teamlogos/ncaa/500-dark/249.png",3825.0,Denton,TX,76210,US,33.203899,-97.159245,30850.0,198.6871948,America/Chicago,False,False
77,Northwestern,#582c83,#ffffff,"NU,Northwestern",NU,Big Ten,,"http://a.espncdn.com/i/teamlogos/ncaa/500/77.png,http://a.espncdn.com/i/teamlogos/ncaa/500-dark/77.png",5960.0,Evanston,IL,,US,,,,,,,False
2466,Northwestern State,#492F91,#ed6118,"NWST,N'Western St",NWST,Southland,,"http://a.espncdn.com/i/teamlogos/ncaa/500/2466.png,http://a.espncdn.com/i/teamlogos/ncaa/500-dark/2466.png",3963.0,Natchitoches,LA,71457,US,31.747259,-93.0961357,15971.0,36.58879089,America/Chicago,False,False
87,Notre Dame,#0c2340,#c99700,"ND,Notre Dame",ND,FBS Independents,,"http://a.espncdn.com/i/teamlogos/ncaa/500/87.png,http://a.espncdn.com/i/teamlogos/ncaa/500-dark/87.png",3855.0,Notre Dame,IN,46556,US,41.698378,-86.2339425,80795.0,222.645401,America/Indiana/Indianapolis,False,False
195,Ohio,#295A29,#e4bb85,"OHIO,Ohio",OHIO,Mid-American,,"http://a.espncdn.com/i/teamlogos/ncaa/500/195.png,http://a.espncdn.com/i/teamlogos/ncaa/500-dark/195.png",3876.0,Athens,OH,45701,US,39.3212794,-82.1034315,24000.0,194.230896,America/New_York,False,False
194,Ohio State,#ce1141,#505056,"OSU,Ohio State",OSU,Big Ten,,"http://a.espncdn.com/i/teamlogos/ncaa/500/194.png,http://a.espncdn.com/i/teamlogos/ncaa/500-dark/194.png",3861.0,Columbus,OH,43210,US,40.0016447,-83.0197266,102780.0,216.6770325,America/New_York,False,False
201,Oklahoma,#a32036,#ffffff,"OU,Oklahoma",OU,SEC,,"http://a.espncdn.com/i/teamlogos/ncaa/500/201.png,http://a.espncdn.com/i/teamlogos/ncaa/500-dark/201.png",3835.0,Norman,OK,73019,US,35.2058537,-97.4423145,86112.0,355.0962524,America/Chicago,True,False
197,Oklahoma State,#FF7300,#000000,"OKST,Oklahoma St",OKST,Big 12,,"http://a.espncdn.com/i/teamlogos/ncaa/500/197.png,http://a.espncdn.com/i/teamlogos/ncaa/500-dark/197.png",3646.0,Stillwater,OK,74078,US,36.125673,-97.066513,55509.0,276.4808655,America/Chicago,False,False
295,Old Dominion,#00507d,#a1d2f1,"ODU,Old Dominion",ODU,Sun Belt,East,"http://a.espncdn.com/i/teamlogos/ncaa/500/295.png,http://a.espncdn.com/i/teamlogos/ncaa/500-dark/295.png",3918.0,Norfolk,VA,23551,US,36.8889533,-76.3049175,20118.0,3.147987843,America/New_York,False,False
145,Ole Miss,#13294b,#c8102e,"MISS,Ole Miss",MISS,SEC,,"http://a.espncdn.com/i/teamlogos/ncaa/500/145.png,http://a.espncdn.com/i/teamlogos/ncaa/500-dark/145.png",3974.0,Oxford,MS,38677,US,34.3619837,-89.5342076,64038.0,146.8517151,America/Chicago,True,False
2483,Oregon,#007030,#fee11a,"ORE,Oregon",ORE,Big Ten,,"http://a.espncdn.com/i/teamlogos/ncaa/500/2483.png,http://a.espncdn.com/i/teamlogos/ncaa/500-dark/2483.png",3626.0,Eugene,OR,97401,US,44.0582712,-123.0684883,54000.0,127.4198303,America/Los_Angeles,False,False
204,Oregon State,#231f20,#d73f09,"ORST,Oregon St",ORST,Pac-12,,"http://a.espncdn.com/i/teamlogos/ncaa/500/204.png,http://a.espncdn.com/i/teamlogos/ncaa/500-dark/204.png",3893.0,Corvallis,OR,97331,US,44.5594559,-123.2814341,43363.0,66.90744781,America/Los_Angeles,False,False
213,Penn State,#041E42,#FFFFFF,"PSU,Penn State",PSU,Big Ten,,"http://a.espncdn.com/i/teamlogos/ncaa/500/213.png,http://a.espncdn.com/i/teamlogos/ncaa/500-dark/213.png",3632.0,University Park,PA,16802,US,40.8121958,-77.8561023,106572.0,354.1551514,America/New_York,True,False
219,Pennsylvania,#082A74,#a6163d,"PENN,Penn",PENN,Ivy,,"http://a.espncdn.com/i/teamlogos/ncaa/500/219.png,http://a.espncdn.com/i/teamlogos/ncaa/500-dark/219.png",3730.0,Philadelphia,PA,19104,US,39.9501475,-75.1901043,52593.0,11.71361065,America/New_York,False,False
221,Pittsburgh,#003263,#231f20,"Pitt,PITT,Pitt",PITT,ACC,,"http://a.espncdn.com/i/teamlogos/ncaa/500/221.png,http://a.espncdn.com/i/teamlogos/ncaa/500-dark/221.png",3752.0,Pittsburgh,PA,15260,US,40.4467648,-80.0157603,68400.0,220.5887146,America/New_York,True,False
2502,Portland State,#00311e,#ebebeb,"PRST,Portland St",PRST,Big Sky,,"http://a.espncdn.com/i/teamlogos/ncaa/500/2502.png,http://a.espncdn.com/i/teamlogos/ncaa/500-dark/2502.png",4765.0,Portland,OR,97124,US,45.554597,-122.90694,7600.0,65.4,America/Los_Angeles,False,False
2504,Prairie View A&M,#4d0960,#null,"PV,Prairie View",PV,SWAC,West,"http://a.espncdn.com/i/teamlogos/ncaa/500/2504.png,http://a.espncdn.com/i/teamlogos/ncaa/500-dark/2504.png",5238.0,Prairie View,TX,28202,US,30.0937874,-95.9960913,15000.0,77.36286926,America/Chicago,True,False
2506,Presbyterian,#194896,#990134,"PRES,Presbyterian",PRES,Pioneer,,"http://a.espncdn.com/i/teamlogos/ncaa/500/2506.png,http://a.espncdn.com/i/teamlogos/ncaa/500-dark/2506.png",3627.0,Clinton,SC,29325,US,34.46158,-81.861368,6500.0,194.1601868,America/New_York,True,False
163,Princeton,#null,#ff6000,"PRIN,Princeton",PRIN,Ivy,,"http://a.espncdn.com/i/teamlogos/ncaa/500/163.png,http://a.espncdn.com/i/teamlogos/ncaa/500-dark/163.png",3881.0,Princeton,NJ,8540 ,US,40.3457928,-74.6500047,27800.0,32.00296402,America/New_York,False,False
2509,Purdue,#000000,#ceb888,"PUR,Purdue",PUR,Big Ten,,"http://a.espncdn.com/i/teamlogos/ncaa/500/2509.png,http://a.espncdn.com/i/teamlogos/ncaa/500-dark/2509.png",3907.0,West Lafayette,IN,47907,US,40.4352253,-86.9186843,57282.0,197.5337677,America/Indiana/Indianapolis,True,False
227,Rhode Island,#091f3f,#5ab3e8,"URI,Rhode Island",URI,CAA,,"http://a.espncdn.com/i/teamlogos/ncaa/500/227.png,http://a.espncdn.com/i/teamlogos/ncaa/500-dark/227.png",3824.0,Kingston,RI,2881 ,US,41.4879984,-71.5347458,8000.0,32.68801498,America/New_York,True,False
242,Rice,#d1d5d8,#003d7d,"RICE,Rice",RICE,American Athletic,,"http://a.espncdn.com/i/teamlogos/ncaa/500/242.png,http://a.espncdn.com/i/teamlogos/ncaa/500-dark/242.png",3895.0,Houston,TX,77251,US,29.7163297,-95.4093261,47000.0,7.148301601,America/Chicago,False,False
257,Richmond,#9e0712,#b90b2e,"RICH,Richmond",RICH,Patriot,,"http://a.espncdn.com/i/teamlogos/ncaa/500/257.png,http://a.espncdn.com/i/teamlogos/ncaa/500-dark/257.png",2068.0,Richmond,VA,23173,US,37.5807765,-77.5372211,8217.0,60.03879166,America/New_York,False,False
2523,Robert Morris,#00214D,#a21d2b,"RMU,Robert Morris",RMU,NEC,,"http://a.espncdn.com/i/teamlogos/ncaa/500/2523.png,http://a.espncdn.com/i/teamlogos/ncaa/500-dark/2523.png",3777.0,Moon Township,PA,15108,US,40.521046,-80.2159227,3000.0,351.4482422,America/New_York,False,False
164,Rutgers,#d21034,#ffffff,"RUTG,Rutgers",RUTG,Big Ten,,"http://a.espncdn.com/i/teamlogos/ncaa/500/164.png,http://a.espncdn.com/i/teamlogos/ncaa/500-dark/164.png",6577.0,Piscataway,NJ,08854,US,40.5462553,-74.4660408,52454.0,,,False,False
16,Sacramento State,#00573C,#cdb97d,"Cal State Sacramento,SAC,Sacramento St",SAC,Big Sky,,"http://a.espncdn.com/i/teamlogos/ncaa/500/16.png,http://a.espncdn.com/i/teamlogos/ncaa/500-dark/16.png",3757.0,Sacramento,CA,95819,US,38.5556718,-121.4229607,21195.0,12.30015659,America/Los_Angeles,False,False
2529,Sacred Heart,#a40012,#c29472,"SHU,Sacred Heart",SHU,FCS Independents,,"http://a.espncdn.com/i/teamlogos/ncaa/500/2529.png,http://a.espncdn.com/i/teamlogos/ncaa/500-dark/2529.png",3668.0,Fairfield,CT,6825 ,US,41.2212488,-73.2417431,3334.0,82.02420044,America/New_York,False,False
2535,Samford,#005485,#bc0023,"SAM,Samford",SAM,Southern,,"http://a.espncdn.com/i/teamlogos/ncaa/500/2535.png,http://a.espncdn.com/i/teamlogos/ncaa/500-dark/2535.png",3925.0,Homewood,AL,35229,US,33.463273,-86.795326,6700.0,208.0207825,America/Chicago,False,False
2534,Sam Houston,#fe5000,#000000,"Sam Houston State,SHSU,Sam Houston",SHSU,Conference USA,,"http://a.espncdn.com/i/teamlogos/ncaa/500/2534.png,http://a.espncdn.com/i/teamlogos/ncaa/500-dark/2534.png",3647.0,Huntsville,TX,77340,US,30.713926,-95.5419802,14000.0,127.6225204,America/Chicago,False,False
301,San Diego,#2f99d4,#2f99d4,"USD,San Diego",USD,Pioneer,,"http://a.espncdn.com/i/teamlogos/ncaa/500/301.png,http://a.espncdn.com/i/teamlogos/ncaa/500-dark/301.png",716.0,San Diego,CA,92111,US,32.7730674,-117.183721,6000.0,57.95064545,America/Los_Angeles,True,False
21,San Diego State,#c41230,#000000,"SDSU,San Diego St",SDSU,Mountain West,,"http://a.espncdn.com/i/teamlogos/ncaa/500/21.png,http://a.espncdn.com/i/teamlogos/ncaa/500-dark/21.png",7311.0,San Diego,CA,92093,US,32.784444,-117.122833,35000.0,62.0,America/Los_Angeles,True,False
23,San JosÃ© State,#005893,#fdba31,"San Jose St.,SJSU,San JosÃ© St",SJSU,Mountain West,,"http://a.espncdn.com/i/teamlogos/ncaa/500/23.png,http://a.espncdn.com/i/teamlogos/ncaa/500-dark/23.png",3935.0,San Jose,CA,95112,US,37.3196675,-121.8682962,30456.0,28.30708694,America/Los_Angeles,False,False
2545,SE Louisiana,#215732,#ffc72c,"Southeast Louisiana,SELA,SE Louisiana",SELA,Southland,,"http://a.espncdn.com/i/teamlogos/ncaa/500/2545.png,http://a.espncdn.com/i/teamlogos/ncaa/500-dark/2545.png",3944.0,Hammond,LA,70401,US,30.5110264,-90.4685792,7408.0,13.7104578,America/Chicago,False,False
2567,SMU,#354ca1,#cc0035,"Southern Methodist,SMU,SMU",SMU,ACC,,"http://a.espncdn.com/i/teamlogos/ncaa/500/2567.png,http://a.espncdn.com/i/teamlogos/ncaa/500-dark/2567.png",3735.0,University Park,TX,75275,US,32.8377223,-96.7827859,32000.0,169.4058075,America/Chicago,False,False
6,South Alabama,#00205B,#BF0D3E,"USA,South Alabama",USA,Sun Belt,West,"http://a.espncdn.com/i/teamlogos/ncaa/500/6.png,http://a.espncdn.com/i/teamlogos/ncaa/500-dark/6.png",6526.0,Mobile,AL,85329,US,30.6943566,-88.0430541,25450.0,,,False,False
2579,South Carolina,#73000a,#ffffff,"SC,South Carolina",SC,SEC,,"http://a.espncdn.com/i/teamlogos/ncaa/500/2579.png,http://a.espncdn.com/i/teamlogos/ncaa/500-dark/2579.png",3994.0,Columbia,SC,29208,US,33.9730239,-81.0191726,80250.0,60.54548645,America/New_York,True,False
2569,South Carolina State,#7d1315,#104897,"SCST,SC State",SCST,MEAC,,"http://a.espncdn.com/i/teamlogos/ncaa/500/2569.png,http://a.espncdn.com/i/teamlogos/ncaa/500-dark/2569.png",3864.0,Orangeburg,SC,29115,US,33.4986313,-80.8446857,22000.0,67.29846191,America/New_York,False,False
233,South Dakota,#CD1241,#f0f0f0,"SDAK,South Dakota",SDAK,MVFC,,"http://a.espncdn.com/i/teamlogos/ncaa/500/233.png,http://a.espncdn.com/i/teamlogos/ncaa/500-dark/233.png",1905.0,Vermillion,SD,57069,US,42.7911218,-96.9278427,9100.0,373.3928833,America/Chicago,False,True
2571,South Dakota State,#0033a0,#ffd100,"SDST,S Dakota St",SDST,MVFC,,"http://a.espncdn.com/i/teamlogos/ncaa/500/2571.png,http://a.espncdn.com/i/teamlogos/ncaa/500-dark/2571.png",5237.0,Brookings,SD,57006,US,44.3210182,-96.7801386,19340.0,495.7769775,America/Chicago,False,False
2546,Southeast Missouri State,#c8102e,#000000,"Southeast Missouri,SEMO,SE Missouri",SEMO,Big South-OVC,,"http://a.espncdn.com/i/teamlogos/ncaa/500/2546.png,http://a.espncdn.com/i/teamlogos/ncaa/500-dark/2546.png",7003.0,Cape Girardeau,MO,63703,US,37.3034933,-89.5230357,10000.0,,,,False
2582,Southern,#004B97,#ffc82d,"SOU,Southern",SOU,SWAC,West,"http://a.espncdn.com/i/teamlogos/ncaa/500/2582.png,http://a.espncdn.com/i/teamlogos/ncaa/500-dark/2582.png",3599.0,Baton Rouge,LA,70807,US,30.5221461,-91.1896087,28500.0,20.24213219,America/Chicago,False,False
79,Southern Illinois,#85283D,#c2c3c0,"SIU,S Illinois",SIU,MVFC,,"http://a.espncdn.com/i/teamlogos/ncaa/500/79.png,http://a.espncdn.com/i/teamlogos/ncaa/500-dark/79.png",3913.0,Carbondale,IL,62901,US,37.708637,-89.216212,15000.0,126.7586365,America/Chicago,False,False
2572,Southern Miss,#FFAA3C,#ffc423,"Southern Mississippi,USM,Southern Miss",USM,Sun Belt,West,"http://a.espncdn.com/i/teamlogos/ncaa/500/2572.png,http://a.espncdn.com/i/teamlogos/ncaa/500-dark/2572.png",3815.0,Hattiesburg,MS,39402,US,31.3289321,-89.3318118,36000.0,64.52726746,America/Chicago,False,False
253,Southern Utah,#c72026,#000000,"SUU,Southern Utah",SUU,UAC,,"http://a.espncdn.com/i/teamlogos/ncaa/500/253.png,http://a.espncdn.com/i/teamlogos/ncaa/500-dark/253.png",3706.0,Cedar City,UT,84720,US,37.6757919,-113.0773938,10000.0,1763.97644,America/Denver,False,False
58,South Florida,#004A36,#231f20,"USF,South Florida",USF,American Athletic,,"http://a.espncdn.com/i/teamlogos/ncaa/500/58.png,http://a.espncdn.com/i/teamlogos/ncaa/500-dark/58.png",3886.0,Tampa,FL,33620,US,27.9758691,-82.5033344,65828.0,11.07972908,America/New_York,True,False
24,Stanford,#8c1515,#ffffff,"STAN,Stanford",STAN,ACC,,"http://a.espncdn.com/i/teamlogos/ncaa/500/24.png,http://a.espncdn.com/i/teamlogos/ncaa/500-dark/24.png",3940.0,Stanford,CA,94305,US,37.4345556,-122.1611271,50424.0,18.38425636,America/Los_Angeles,True,False
2617,Stephen F. Austin,#393996,#bec0c2,"Stephen F Austin,SFA,SF Austin",SFA,Southland,,"http://a.espncdn.com/i/teamlogos/ncaa/500/2617.png,http://a.espncdn.com/i/teamlogos/ncaa/500-dark/2617.png",3756.0,Nacogdoches,TX,75961,US,31.625719,-94.6444034,14575.0,89.99433899,America/Chicago,False,False
56,Stetson,#0a5640,#56854e,"STET,Stetson",STET,Pioneer,,"http://a.espncdn.com/i/teamlogos/ncaa/500/56.png,http://a.espncdn.com/i/teamlogos/ncaa/500-dark/56.png",4416.0,DeLand,FL,32720,US,29.0208575,-81.2993746,6000.0,14.65544891,,,False
2598,St. Francis (PA),#a20012,#null,"St. Francis PA,SFPA,Saint Francis",SFPA,NEC,,"http://a.espncdn.com/i/teamlogos/ncaa/500/2598.png,http://a.espncdn.com/i/teamlogos/ncaa/500-dark/2598.png",3694.0,Loretto,PA,15940,US,40.5063173,-78.637214,3500.0,586.9408569,America/New_York,False,False
284,Stonehill,#null,#null,"STO,Stonehill",STO,NEC,,"http://a.espncdn.com/i/teamlogos/ncaa/500/284.png,http://a.espncdn.com/i/teamlogos/ncaa/500-dark/284.png",6075.0,North Easton,MA,02356,US,42.0667665,-71.1036592,2400.0,,,,False
2619,Stony Brook,#990000,#null,"STBK,Stony Brook",STBK,CAA,,"http://a.espncdn.com/i/teamlogos/ncaa/500/2619.png,http://a.espncdn.com/i/teamlogos/ncaa/500-dark/2619.png",3788.0,Stony Brook,NY,11790,US,40.9188829,-73.1242966,12300.0,32.63183975,America/New_York,False,False
2900,St. Thomas (MN),#null,#null,"St Thomas MN,STMN,St Thomas (MN)",STMN,Pioneer,,"http://a.espncdn.com/i/teamlogos/ncaa/500/2900.png,http://a.espncdn.com/i/teamlogos/ncaa/500-dark/2900.png",5116.0,Saint Paul,MN,,US,44.9497487,-93.0931028,5025.0,,,,False
183,Syracuse,#ff6500,#000e54,"SYR,Syracuse",SYR,ACC,,"http://a.espncdn.com/i/teamlogos/ncaa/500/183.png,http://a.espncdn.com/i/teamlogos/ncaa/500-dark/183.png",1964.0,Syracuse,NY,13244,US,43.0362269,-76.1363161,49057.0,162.6989746,America/New_York,False,True
2627,Tarleton State,#null,#null,"TAR,Tarleton St",TAR,UAC,,"http://a.espncdn.com/i/teamlogos/ncaa/500/2627.png,http://a.espncdn.com/i/teamlogos/ncaa/500-dark/2627.png",3827.0,Stephenville,TX,,US,32.2191836,-98.2130634,12000.0,,,,False
2628,TCU,#4d1979,#f1f2f3,"Texas Christian,TCU,TCU",TCU,Big 12,,"http://a.espncdn.com/i/teamlogos/ncaa/500/2628.png,http://a.espncdn.com/i/teamlogos/ncaa/500-dark/2628.png",3616.0,Fort Worth,TX,76129,US,32.7096604,-97.3680835,46000.0,185.4387054,America/Chicago,True,False
218,Temple,#A80532,#a7a9ac,"TEM,Temple",TEM,American Athletic,,"http://a.espncdn.com/i/teamlogos/ncaa/500/218.png,http://a.espncdn.com/i/teamlogos/ncaa/500-dark/218.png",3806.0,Philadelphia,PA,19122,US,39.9007995,-75.1675414,69879.0,3.198706865,America/New_York,False,False
2633,Tennessee,#ff8200,#58595b,"TENN,Tennessee",TENN,SEC,,"http://a.espncdn.com/i/teamlogos/ncaa/500/2633.png,http://a.espncdn.com/i/teamlogos/ncaa/500-dark/2633.png",3853.0,Knoxville,TN,37996,US,35.9550131,-83.9250128,102455.0,271.9517212,America/New_York,True,False
2634,Tennessee State,#171796,#f0f0f0,"TNST,Tennessee St",TNST,Big South-OVC,,"http://a.espncdn.com/i/teamlogos/ncaa/500/2634.png,http://a.espncdn.com/i/teamlogos/ncaa/500-dark/2634.png",3810.0,Nashville,TN,37209,US,36.166479,-86.7712898,69143.0,121.0412598,America/Chicago,False,False
2635,Tennessee Tech,#5A4099,#ffde00,"TNTC,Tennessee Tech",TNTC,Big South-OVC,,"http://a.espncdn.com/i/teamlogos/ncaa/500/2635.png,http://a.espncdn.com/i/teamlogos/ncaa/500-dark/2635.png",3962.0,Cookeville,TN,38501,US,36.1780555,-85.506183,16500.0,340.8609314,America/Chicago,False,False
251,Texas,#c15d26,#ffffff,"TEX,Texas",TEX,SEC,,"http://a.espncdn.com/i/teamlogos/ncaa/500/251.png,http://a.espncdn.com/i/teamlogos/ncaa/500-dark/251.png",3910.0,Austin,TX,78712,US,30.2836813,-97.7325345,100119.0,160.3089447,America/Chicago,False,False
245,Texas A&M,#500000,#ffffff,"TA&M,Texas A&M",TA&M,SEC,,"http://a.espncdn.com/i/teamlogos/ncaa/500/245.png,http://a.espncdn.com/i/teamlogos/ncaa/500-dark/245.png",3795.0,College Station,TX,77843,US,30.6098891,-96.3403828,102733.0,108.824585,America/Chicago,True,False
2640,Texas Southern,#860038,#ffffff,"TXSO,Texas Southern",TXSO,SWAC,West,"http://a.espncdn.com/i/teamlogos/ncaa/500/2640.png,http://a.espncdn.com/i/teamlogos/ncaa/500-dark/2640.png",3631.0,Houston,TX,77003,US,29.7521988,-95.3524146,22000.0,13.68128395,America/Chicago,True,False
326,Texas State,#4e1719,#b4975a,"TXST,Texas St",TXST,Sun Belt,West,"http://a.espncdn.com/i/teamlogos/ncaa/500/326.png,http://a.espncdn.com/i/teamlogos/ncaa/500-dark/326.png",3644.0,San Marcos,TX,78666,US,29.8910008,-97.9255735,30000.0,177.8676453,America/Chicago,False,False
2641,Texas Tech,#CC0000,#000000,"TTU,Texas Tech",TTU,Big 12,,"http://a.espncdn.com/i/teamlogos/ncaa/500/2641.png,http://a.espncdn.com/i/teamlogos/ncaa/500-dark/2641.png",3784.0,Lubbock,TX,79409,US,33.5910518,-101.8728824,60454.0,980.7632446,America/Chicago,False,False
2643,The Citadel,#002b5c,#f0f0f0,"CIT,The Citadel",CIT,Southern,,"http://a.espncdn.com/i/teamlogos/ncaa/500/2643.png,http://a.espncdn.com/i/teamlogos/ncaa/500-dark/2643.png",3782.0,Charleston,SC,29403,US,32.7936975,-79.9558183,11427.0,4.137742996,America/New_York,True,False
2649,Toledo,#0a2240,#ffcd00,"TOL,Toledo",TOL,Mid-American,,"http://a.espncdn.com/i/teamlogos/ncaa/500/2649.png,http://a.espncdn.com/i/teamlogos/ncaa/500-dark/2649.png",3739.0,Toledo,OH,43606,US,41.6574777,-83.6135652,26038.0,181.4839783,America/New_York,False,False
119,Towson,#FFC229,#null,"TOW,Towson",TOW,CAA,,"http://a.espncdn.com/i/teamlogos/ncaa/500/119.png,http://a.espncdn.com/i/teamlogos/ncaa/500-dark/119.png",3781.0,Towson,MD,21252,US,39.3885683,-76.6159716,11200.0,117.6974106,America/New_York,False,False
2653,Troy,#AE0210,#88898c,"TROY,Troy",TROY,Sun Belt,West,"http://a.espncdn.com/i/teamlogos/ncaa/500/2653.png,http://a.espncdn.com/i/teamlogos/ncaa/500-dark/2653.png",3975.0,Troy,AL,36082,US,31.7995565,-85.9518328,30000.0,154.7746277,America/Chicago,False,False
2655,Tulane,#006547,#468ac9,"TULN,Tulane",TULN,American Athletic,,"http://a.espncdn.com/i/teamlogos/ncaa/500/2655.png,http://a.espncdn.com/i/teamlogos/ncaa/500-dark/2655.png",4729.0,New Orleans,LA,70118,US,29.944616,-90.116692,30000.0,0.0,America/Chicago,False,False
202,Tulsa,#003595,#d0b787,"TLSA,Tulsa",TLSA,American Athletic,,"http://a.espncdn.com/i/teamlogos/ncaa/500/202.png,http://a.espncdn.com/i/teamlogos/ncaa/500-dark/202.png",3674.0,Tulsa,OK,74194,US,36.1489175,-95.9437853,30000.0,235.5928345,America/Chicago,False,False
5,UAB,#003b28,#ffc845,"Alabama-Birmingham,UAB,UAB",UAB,American Athletic,,"http://a.espncdn.com/i/teamlogos/ncaa/500/5.png,http://a.espncdn.com/i/teamlogos/ncaa/500-dark/5.png",7221.0,Birmingham,AL,35203,US,33.5206824,-86.8024326,0.0,,,False,False
399,UAlbany,#3D2777,#ffffff,"SUNY Albany,UALB,UAlbany",UALB,CAA,,"http://a.espncdn.com/i/teamlogos/ncaa/500/399.png,http://a.espncdn.com/i/teamlogos/ncaa/500-dark/399.png",4419.0,Albany,NY,12222,US,42.6808062,-73.8272841,8500.0,64.42764282,America/New_York,False,False
302,UC Davis,#002855,#c3c4c6,"California-Davis,UCD,UC Davis",UCD,Big Sky,,"http://a.espncdn.com/i/teamlogos/ncaa/500/302.png,http://a.espncdn.com/i/teamlogos/ncaa/500-dark/302.png",3602.0,Davis,CA,95616,US,38.5365266,-121.7627936,10743.0,11.3825922,America/Los_Angeles,False,False
2116,UCF,#ba9b37,#000000,"Central Florida,UCF,UCF",UCF,Big 12,,"http://a.espncdn.com/i/teamlogos/ncaa/500/2116.png,http://a.espncdn.com/i/teamlogos/ncaa/500-dark/2116.png",3652.0,Orlando,FL,32816,US,28.6079765,-81.1927233,44206.0,20.94113731,America/New_York,True,False
26,UCLA,#2774ae,#f2a900,"UCLA,UCLA",UCLA,Big Ten,,"http://a.espncdn.com/i/teamlogos/ncaa/500/26.png,http://a.espncdn.com/i/teamlogos/ncaa/500-dark/26.png",1056.0,Pasadena,CA,90095,US,34.1613284,-118.1676462,88565.0,245.1772461,America/Los_Angeles,True,False
41,UConn,#0c2340,#f1f2f3,"Connecticut,CONN,UConn",CONN,FBS Independents,,"http://a.espncdn.com/i/teamlogos/ncaa/500/41.png,http://a.espncdn.com/i/teamlogos/ncaa/500-dark/41.png",3892.0,East Hartford,CT,6118 ,US,41.7595675,-72.6187728,40000.0,6.515614986,America/New_York,True,False
2433,UL Monroe,#231F20,#b18445,"La.-Monroe,ULM,UL Monroe",ULM,Sun Belt,West,"http://a.espncdn.com/i/teamlogos/ncaa/500/2433.png,http://a.espncdn.com/i/teamlogos/ncaa/500-dark/2433.png",3817.0,Monroe,LA,71209,US,32.5308089,-92.0660602,27617.0,22.998209,America/Chicago,False,False
2439,UNLV,#b10202,#ffffff,"Nevada-Las Vegas,UNLV,UNLV",UNLV,Mountain West,,"http://a.espncdn.com/i/teamlogos/ncaa/500/2439.png,http://a.espncdn.com/i/teamlogos/ncaa/500-dark/2439.png",6501.0,Las Vegas,NV,89154,US,36.1672559,-115.1485163,65000.0,,,False,True
30,USC,#9e2237,#ffcc00,"USC,USC",USC,Big Ten,,"http://a.espncdn.com/i/teamlogos/ncaa/500/30.png,http://a.espncdn.com/i/teamlogos/ncaa/500-dark/30.png",477.0,Los Angeles,CA,90089,US,34.014167,-118.287778,77500.0,42.50374222,America/Los_Angeles,True,False
254,Utah,#ea002a,#ffffff,"UTAH,Utah",UTAH,Big 12,,"http://a.espncdn.com/i/teamlogos/ncaa/500/254.png,http://a.espncdn.com/i/teamlogos/ncaa/500-dark/254.png",587.0,Salt Lake City,UT,84112,US,40.7599724,-111.8488255,51444.0,1411.543579,America/Denver,False,False
328,Utah State,#00263a,#949ca1,"USU,Utah State",USU,Mountain West,,"http://a.espncdn.com/i/teamlogos/ncaa/500/328.png,http://a.espncdn.com/i/teamlogos/ncaa/500-dark/328.png",3905.0,Logan,UT,84322,US,41.7517394,-111.8116007,25513.0,1427.914429,America/Denver,False,False
3101,Utah Tech,#null,#null,"Dixie State,UTU,Utah Tech",UTU,UAC,,"http://a.espncdn.com/i/teamlogos/ncaa/500/3101.png,http://a.espncdn.com/i/teamlogos/ncaa/500-dark/3101.png",3745.0,Saint George,UT,84771,US,37.1098868,-113.5674494,10500.0,,,,False
2638,UTEP,#ff8200,#041e42,"Texas-El Paso,UTEP,UTEP",UTEP,Conference USA,,"http://a.espncdn.com/i/teamlogos/ncaa/500/2638.png,http://a.espncdn.com/i/teamlogos/ncaa/500-dark/2638.png",3946.0,El Paso,TX,79968,US,31.7733353,-106.507957,51500.0,1183.697876,America/Denver,False,False
2630,UT Martin,#FF6700,#102a5c,"Tennessee Martin,UTM,UT Martin",UTM,Big South-OVC,,"http://a.espncdn.com/i/teamlogos/ncaa/500/2630.png,http://a.espncdn.com/i/teamlogos/ncaa/500-dark/2630.png",3748.0,Martin,TN,38238,US,36.3448341,-88.8616245,7500.0,124.6879349,America/Chicago,False,False
2636,UTSA,#002A5C,#f47321,"Texas-San Antonio,UTSA,UTSA",UTSA,American Athletic,,"http://a.espncdn.com/i/teamlogos/ncaa/500/2636.png,http://a.espncdn.com/i/teamlogos/ncaa/500-dark/2636.png",3604.0,San Antonio,TX,78299,US,29.4169834,-98.4788143,36582.0,201.5526886,America/Chicago,False,True
2674,Valparaiso,#794500,#null,"VAL,Valparaiso",VAL,Pioneer,,"http://a.espncdn.com/i/teamlogos/ncaa/500/2674.png,http://a.espncdn.com/i/teamlogos/ncaa/500-dark/2674.png",3655.0,Valparaiso,IN,46383,US,41.465642,-87.0479446,5000.0,244.6367645,America/Chicago,False,False
238,Vanderbilt,#866d4b,#000000,"VAN,Vanderbilt",VAN,SEC,,"http://a.espncdn.com/i/teamlogos/ncaa/500/238.png,http://a.espncdn.com/i/teamlogos/ncaa/500-dark/238.png",3973.0,Nashville,TN,37212,US,36.1440455,-86.8088942,40351.0,159.9194641,America/Chicago,False,False
222,Villanova,#00205b,#13b5ea,"VILL,Villanova",VILL,CAA,,"http://a.espncdn.com/i/teamlogos/ncaa/500/222.png,http://a.espncdn.com/i/teamlogos/ncaa/500-dark/222.png",717.0,Villanova,PA,19085,US,40.0343329,-75.3367666,12500.0,127.3836746,America/New_York,False,False
258,Virginia,#232d4b,#f84c1e,"UVA,Virginia",UVA,ACC,,"http://a.espncdn.com/i/teamlogos/ncaa/500/258.png,http://a.espncdn.com/i/teamlogos/ncaa/500-dark/258.png",3923.0,Charlottesville,VA,22904,US,38.0311801,-78.5137897,61500.0,170.4677429,America/New_York,True,False
259,Virginia Tech,#630031,#cf4520,"VT,Virginia Tech",VT,ACC,,"http://a.espncdn.com/i/teamlogos/ncaa/500/259.png,http://a.espncdn.com/i/teamlogos/ncaa/500-dark/259.png",3799.0,Blacksburg,VA,24061,US,37.2199873,-80.4180643,65632.0,632.2631226,America/New_York,True,False
2678,VMI,#E52D37,#eec52b,"Virginia Military Institute,VMI,VMI",VMI,Southern,,"http://a.espncdn.com/i/teamlogos/ncaa/500/2678.png,http://a.espncdn.com/i/teamlogos/ncaa/500-dark/2678.png",3597.0,Lexington,VA,24450,US,37.788983,-79.43505,10000.0,294.958252,America/New_York,True,False
2681,Wagner,#00483A,#ffffff,"WAG,Wagner",WAG,NEC,,"http://a.espncdn.com/i/teamlogos/ncaa/500/2681.png,http://a.espncdn.com/i/teamlogos/ncaa/500-dark/2681.png",3979.0,Staten Island,NY,10301,US,40.614688,-74.090639,3300.0,63.39014053,America/New_York,False,False
154,Wake Forest,#9E7E38,#000000,"WAKE,Wake Forest",WAKE,ACC,,"http://a.espncdn.com/i/teamlogos/ncaa/500/154.png,http://a.espncdn.com/i/teamlogos/ncaa/500-dark/154.png",3630.0,Winston-Salem,NC,27105,US,36.1305507,-80.2545851,31500.0,283.548584,America/New_York,False,False
264,Washington,#33006f,#e8d3a2,"WASH,Washington",WASH,Big Ten,,"http://a.espncdn.com/i/teamlogos/ncaa/500/264.png,http://a.espncdn.com/i/teamlogos/ncaa/500-dark/264.png",3765.0,Seattle,WA,98195,US,47.6503235,-122.3015746,70138.0,11.65622807,America/Los_Angeles,False,False
265,Washington State,#981e32,#ffffff,"WSU,Washington St",WSU,Pac-12,,"http://a.espncdn.com/i/teamlogos/ncaa/500/265.png,http://a.espncdn.com/i/teamlogos/ncaa/500-dark/265.png",3820.0,Pullman,WA,99164,US,46.731831,-117.1604991,32952.0,773.9526367,America/Los_Angeles,False,False
2692,Weber State,#18005a,#ebebeb,"WEB,Weber St",WEB,Big Sky,,"http://a.espncdn.com/i/teamlogos/ncaa/500/2692.png,http://a.espncdn.com/i/teamlogos/ncaa/500-dark/2692.png",3942.0,Ogden,UT,84408,US,41.1918741,-111.9401391,17500.0,1451.553711,America/Denver,False,False
2717,Western Carolina,#492F91,#bf9e70,"WCU,W Carolina",WCU,Southern,,"http://a.espncdn.com/i/teamlogos/ncaa/500/2717.png,http://a.espncdn.com/i/teamlogos/ncaa/500-dark/2717.png",3704.0,Cullowhee,NC,28723,US,35.3048352,-83.1818148,13742.0,653.8632813,America/New_York,False,False
2710,Western Illinois,#4e1e8a,#ffc90a,"WIU,W Illinois",WIU,Big South-OVC,,"http://a.espncdn.com/i/teamlogos/ncaa/500/2710.png,http://a.espncdn.com/i/teamlogos/ncaa/500-dark/2710.png",3746.0,Macomb,IL,61455,US,40.4683928,-90.6841248,16368.0,192.8755646,America/Chicago,False,False
98,Western Kentucky,#F32026,#b3b5b8,"WKU,Western KY",WKU,Conference USA,,"http://a.espncdn.com/i/teamlogos/ncaa/500/98.png,http://a.espncdn.com/i/teamlogos/ncaa/500-dark/98.png",3796.0,Bowling Green,KY,42101,US,36.9847901,-86.4594041,22113.0,154.4346619,America/Chicago,False,False
2711,Western Michigan,#532e1f,#8b7f79,"WMU,W Michigan",WMU,Mid-American,,"http://a.espncdn.com/i/teamlogos/ncaa/500/2711.png,http://a.espncdn.com/i/teamlogos/ncaa/500-dark/2711.png",3980.0,Kalamazoo,MI,49008,US,42.2860064,-85.6007573,30200.0,243.8211212,America/Detroit,False,False
2698,West Georgia,#0033a1,#db1a21,"WGA,West Georgia",WGA,UAC,,"http://a.espncdn.com/i/teamlogos/ncaa/500/2698.png,http://a.espncdn.com/i/teamlogos/ncaa/500-dark/2698.png",5888.0,Carrollton,GA,,US,33.5801103,-85.0766113,10000.0,,,,False
277,West Virginia,#002855,#eaaa00,"WVU,West Virginia",WVU,Big 12,,"http://a.espncdn.com/i/teamlogos/ncaa/500/277.png,http://a.espncdn.com/i/teamlogos/ncaa/500-dark/277.png",3842.0,Morgantown,WV,26507,US,39.6502744,-79.9551873,60000.0,327.409668,America/New_York,False,False
2729,William & Mary,#103217,#f6b220,"W&M,William & Mary",W&M,CAA,,"http://a.espncdn.com/i/teamlogos/ncaa/500/2729.png,http://a.espncdn.com/i/teamlogos/ncaa/500-dark/2729.png",3998.0,Williamsburg,VA,23186,US,37.2730996,-76.7137202,12400.0,26.07615852,America/New_York,False,False
275,Wisconsin,#c4012f,#ffffff,"WIS,Wisconsin",WIS,Big Ten,,"http://a.espncdn.com/i/teamlogos/ncaa/500/275.png,http://a.espncdn.com/i/teamlogos/ncaa/500-dark/275.png",347.0,Madison,WI,53711,US,43.06994,-89.4126943,80321.0,263.604126,America/Chicago,False,False
2747,Wofford,#533B23,#f0f0f0,"WOF,Wofford",WOF,Southern,,"http://a.espncdn.com/i/teamlogos/ncaa/500/2747.png,http://a.espncdn.com/i/teamlogos/ncaa/500-dark/2747.png",3737.0,Spartanburg,SC,29303,US,34.9618606,-81.9328915,13000.0,231.6300049,America/New_York,True,False
2751,Wyoming,#492f24,#ffc425,"WYO,Wyoming",WYO,Mountain West,,"http://a.espncdn.com/i/teamlogos/ncaa/500/2751.png,http://a.espncdn.com/i/teamlogos/ncaa/500-dark/2751.png",3984.0,Laramie,WY,82071,US,41.31161,-105.5681384,29181.0,2200.153564,America/Denver,False,False
43,Yale,#004a81,#286dc0,"YALE,Yale",YALE,Ivy,,"http://a.espncdn.com/i/teamlogos/ncaa/500/43.png,http://a.espncdn.com/i/teamlogos/ncaa/500-dark/43.png",3997.0,New Haven,CT,6520 ,US,41.3132441,-72.9605333,61446.0,5.302621841,America/New_York,False,False
2754,Youngstown State,#E51936,#690717,"YSU,Youngstown St",YSU,MVFC,,"http://a.espncdn.com/i/teamlogos/ncaa/500/2754.png,http://a.espncdn.com/i/teamlogos/ncaa/500-dark/2754.png",844.0,Youngstown,OH,44502,US,41.1092964,-80.6501885,20630.0,298.8893127,America/New_York,False,False
