"School","Year","Games","Wins","Losses","Ties","PreseasonRank","PostseasonRank","Srs","SpOverall","SpOffense","SpDefense","FirstName","LastName","HireDate"
"Air Force","2022","13","10","3","0","","","4.2","3.9","16.3","12.3","Troy","Calhoun","2006-12-22T00:00:00.000Z"
"Air Force","2023","13","9","4","0","","","1.1","5.9","25.6","20.9","Troy","Calhoun","2006-12-22T00:00:00.000Z"
"Air Force","2024","12","5","7","0","","","-11.5","-11.7","17.8","27.5","Troy","Calhoun","2006-12-22T00:00:00.000Z"
"Air Force","2025","0","0","0","0","","","-7.5","-3.8","30.3","34.3","Troy","Calhoun","2006-12-22T00:00:00.000Z"
"Akron","2022","12","2","10","0","","","-13.8","-23.4","16.7","38.5","Joe","Moorhead","2021-12-04T00:00:00.000Z"
"Akron","2023","12","2","10","0","","","-21.8","-21.6","10.5","30.1","Joe","Moorhead","2021-12-04T00:00:00.000Z"
"Akron","2024","12","4","8","0","","","-12.9","-17.9","15.7","34.6","Joe","Moorhead","2021-12-04T00:00:00.000Z"
"Akron","2025","0","0","0","0","","","-12.9","-14.2","16.1","29.7","Joe","Moorhead","2021-12-04T00:00:00.000Z"
"Alabama","2024","13","9","4","0","5","17","18.1","25","37.9","14.6","Kalen","DeBoer","2021-11-29T00:00:00.000Z"
"Alabama","2025","0","0","0","0","","","17.7","19.5","35.4","15.8","Kalen","DeBoer","2021-11-29T00:00:00.000Z"
"Alabama","2022","13","11","2","0","1","5","21.3","30.3","42.9","14.2","Nick","Saban","2007-01-03T00:00:00.000Z"
"Alabama","2023","14","12","2","0","4","5","19.6","23.1","36.8","15.6","Nick","Saban","2007-01-03T00:00:00.000Z"
"App State","2022","12","6","6","0","","","-0.8","1.7","32.9","29.8","Shawn","Clark","2019-12-13T00:00:00.000Z"
"App State","2023","14","9","5","0","","","0.8","3.8","33.5","30.7","Shawn","Clark","2019-12-13T00:00:00.000Z"
"App State","2024","11","5","6","0","","","-7.6","-8.1","27.2","33.6","Shawn","Clark","2019-12-13T00:00:00.000Z"
"App State","2025","0","0","0","0","","","-12.3","-10.2","23.3","33.6","Dowell","Loggains",""
"Arizona","2024","12","4","8","0","21","","-3.9","-2.8","24.4","29","Brent","Brennan","2016-12-07T00:00:00.000Z"
"Arizona","2025","0","0","0","0","","","10.5","11.2","32.8","21.2","Brent","Brennan","2016-12-07T00:00:00.000Z"
"Arizona","2022","12","5","7","0","","","-2","-3.2","37.6","41.1","Jedd","Fisch","2020-12-23T00:00:00.000Z"
"Arizona","2023","13","10","3","0","","11","13.3","14.1","37.3","23.1","Jedd","Fisch","2020-12-23T00:00:00.000Z"
"Arizona State","2022","9","2","7","0","","","-3.9","-4.1","30.5","35.7","Shaun","Aguano","2022-09-18T00:00:00.000Z"
"Arizona State","2023","12","3","9","0","","","-4.5","-11.3","20.2","29.9","Kenny","Dillingham","2022-11-27T00:00:00.000Z"
"Arizona State","2024","14","11","3","0","","7","13.4","9.4","32.4","20.9","Kenny","Dillingham","2022-11-27T00:00:00.000Z"
"Arizona State","2025","0","0","0","0","","","7.2","5.4","27.8","21.6","Kenny","Dillingham","2022-11-27T00:00:00.000Z"
"Arizona State","2022","3","1","2","0","","","-3.9","-4.1","30.5","35.7","Herm","Edwards","2017-12-03T00:00:00.000Z"
"Arkansas","2022","13","7","6","0","19","","6.5","12","38.3","26.3","Sam","Pittman","2019-12-08T00:00:00.000Z"
"Arkansas","2023","12","4","8","0","","","1.1","3.5","28.3","26.6","Sam","Pittman","2019-12-08T00:00:00.000Z"
"Arkansas","2024","13","7","6","0","","","6.1","11","31.4","21.7","Sam","Pittman","2019-12-08T00:00:00.000Z"
"Arkansas","2025","0","0","0","0","","","6.9","9.3","39.7","30.9","Sam","Pittman","2019-12-08T00:00:00.000Z"
"Arkansas State","2022","12","3","9","0","","","-11.4","-13","23.7","38.5","Butch","Jones","2020-12-12T00:00:00.000Z"
"Arkansas State","2023","13","6","7","0","","","-6.4","-6.3","25.8","32.8","Butch","Jones","2020-12-12T00:00:00.000Z"
"Arkansas State","2024","13","8","5","0","","","-11.5","-9.9","24.6","35.2","Butch","Jones","2020-12-12T00:00:00.000Z"
"Arkansas State","2025","0","0","0","0","","","-10","-9.9","21.9","32","Butch","Jones","2020-12-12T00:00:00.000Z"
"Army","2022","12","6","6","0","","","-3.8","-1.5","24.6","25.3","Jeff","Monken","2013-12-24T00:00:00.000Z"
"Army","2023","12","6","6","0","","","-5.3","-4","18.4","22.5","Jeff","Monken","2013-12-24T00:00:00.000Z"
"Army","2024","14","12","2","0","","21","6.6","9.2","31.1","21.7","Jeff","Monken","2013-12-24T00:00:00.000Z"
"Army","2025","0","0","0","0","","","-3","-1.9","22.8","24.7","Jeff","Monken","2013-12-24T00:00:00.000Z"
"Auburn","2023","13","6","7","0","","","5.3","7.6","26.4","20.1","Hugh","Freeze","2018-12-07T00:00:00.000Z"
"Auburn","2024","12","5","7","0","","","6.3","9.5","27.9","17.8","Hugh","Freeze","2018-12-07T00:00:00.000Z"
"Auburn","2025","0","0","0","0","","","9.3","10.4","28.6","18.1","Hugh","Freeze","2018-12-07T00:00:00.000Z"
"Auburn","2022","8","3","5","0","","","3.1","5.1","32.6","27.9","Bryan","Harsin","2020-12-22T00:00:00.000Z"
"Auburn","2022","4","2","2","0","","","3.1","5.1","32.6","27.9","Cadillac","Williams","2022-10-31T00:00:00.000Z"
"Ball State","2024","2","0","2","0","","","-13.4","-19.8","21.3","40.8","Colin","Johnson",""
"Ball State","2022","12","5","7","0","","","-11.6","-14.9","16","30.1","Mike","Neu","2016-01-17T00:00:00.000Z"
"Ball State","2023","12","4","8","0","","","-12.8","-14.9","12.6","26.3","Mike","Neu","2016-01-17T00:00:00.000Z"
"Ball State","2024","10","3","7","0","","","-13.4","-19.8","21.3","40.8","Mike","Neu","2016-01-17T00:00:00.000Z"
"Ball State","2025","0","0","0","0","","","-16.8","-20.1","14.6","34","Mike","Uremovich",""
"Baylor","2022","13","6","7","0","10","","9.2","11.7","37.6","26.1","Dave","Aranda","2020-01-22T00:00:00.000Z"
"Baylor","2023","12","3","9","0","","","-6.9","-8.3","24.5","32.6","Dave","Aranda","2020-01-22T00:00:00.000Z"
"Baylor","2024","13","8","5","0","","","11.5","8.4","33.5","26.2","Dave","Aranda","2020-01-22T00:00:00.000Z"
"Baylor","2025","0","0","0","0","","","3","5.5","34.8","29.9","Dave","Aranda","2020-01-22T00:00:00.000Z"
"Boise State","2022","14","10","4","0","","","1","5.7","24.1","18.5","Andy","Avalos","2021-01-08T00:00:00.000Z"
"Boise State","2023","10","5","5","0","","","6.4","5.9","32.7","28.2","Andy","Avalos","2021-01-08T00:00:00.000Z"
"Boise State","2023","4","3","1","0","","","6.4","5.9","32.7","28.2","Spencer","Danielson","2023-12-03T00:00:00.000Z"
"Boise State","2024","14","12","2","0","","8","9.9","10.1","35.3","24.2","Spencer","Danielson","2023-12-03T00:00:00.000Z"
"Boise State","2025","0","0","0","0","","","3.3","4.6","29.8","24.8","Spencer","Danielson","2023-12-03T00:00:00.000Z"
"Boston College","2022","12","3","9","0","","","-10.2","-14.9","20.4","33.8","Jeff","Hafley","2019-12-14T00:00:00.000Z"
"Boston College","2023","13","7","6","0","","","-4.8","-5.9","22.2","27.6","Jeff","Hafley","2019-12-14T00:00:00.000Z"
"Boston College","2024","13","7","6","0","","","6.1","1.2","28","24.7","Bill","O'Brien","2024-02-09T00:00:00.000Z"
"Boston College","2025","0","0","0","0","","","-9.3","-10.6","22.3","33.4","Bill","O'Brien","2024-02-09T00:00:00.000Z"
"Bowling Green","2025","0","0","0","0","","","-14.6","-15.5","15.6","31.4","Eddie","George",""
"Bowling Green","2022","13","6","7","0","","","-14.3","-18.1","23.8","40.6","Scot","Loeffler","2018-11-28T00:00:00.000Z"
"Bowling Green","2023","13","7","6","0","","","-3.8","-7.8","21.5","27.4","Scot","Loeffler","2018-11-28T00:00:00.000Z"
"Bowling Green","2024","13","7","6","0","","","-1.9","-1.8","25.6","27.2","Scot","Loeffler","2018-11-28T00:00:00.000Z"
"Buffalo","2024","13","9","4","0","","","-6.1","-4","25.4","30.2","Pete","Lembo",""
"Buffalo","2025","0","0","0","0","","","-11.7","-4.7","18.4","23.5","Pete","Lembo",""
"Buffalo","2022","13","7","6","0","","","-7.3","-9.2","25","35","Maurice","Linguist","2014-12-01T00:00:00.000Z"
"Buffalo","2023","12","3","9","0","","","-15.3","-15.2","15.3","29.5","Maurice","Linguist","2014-12-01T00:00:00.000Z"
"Buffalo","2024","0","0","0","0","","","-6.1","-4","25.4","30.2","Maurice","Linguist","2014-12-01T00:00:00.000Z"
"BYU","2022","13","8","5","0","25","","-0.3","-1.4","34.3","34.8","Kalani","Sitake","2015-12-19T00:00:00.000Z"
"BYU","2023","12","5","7","0","","","-0.8","-3.3","25.3","30.3","Kalani","Sitake","2015-12-19T00:00:00.000Z"
"BYU","2024","13","11","2","0","","13","14.8","15.3","32","18.8","Kalani","Sitake","2015-12-19T00:00:00.000Z"
"BYU","2025","0","0","0","0","","","17.3","14.4","32.3","18.4","Kalani","Sitake","2015-12-19T00:00:00.000Z"
"California","2022","12","4","8","0","","","-1.3","-3","23.2","25.9","Justin","Wilcox","2017-01-14T00:00:00.000Z"
"California","2023","13","6","7","0","","","4.3","-0.1","30.6","28.7","Justin","Wilcox","2017-01-14T00:00:00.000Z"
"California","2024","13","6","7","0","","","1.8","4","27.4","22.9","Justin","Wilcox","2017-01-14T00:00:00.000Z"
"California","2025","0","0","0","0","","","-4.8","-2.8","24.3","27.1","Justin","Wilcox","2017-01-14T00:00:00.000Z"
"Central Michigan","2025","0","0","0","0","","","-7.5","-9.4","18.7","27.8","Matt","Drinkall",""
"Central Michigan","2022","12","4","8","0","","","-12.2","-14","19","32.2","Jim","McElwain","2018-12-03T00:00:00.000Z"
"Central Michigan","2023","12","5","7","0","","","-15.5","-19.1","16.8","34","Jim","McElwain","2018-12-03T00:00:00.000Z"
"Central Michigan","2024","12","4","8","0","","","-13.1","-15.8","17.7","34.3","Jim","McElwain","2018-12-03T00:00:00.000Z"
"Charlotte","2025","0","0","0","0","","","-22.4","-22.7","16.9","39.3","Tim","Albin","2021-07-14T00:00:00.000Z"
"Charlotte","2024","2","2","0","0","","","-12.4","-15.3","21.4","37.6","Tim","Brewster",""
"Charlotte","2022","8","1","7","0","","","-18.8","-16.4","24","39.2","Will","Healy","2018-12-04T00:00:00.000Z"
"Charlotte","2023","12","3","9","0","","","-17.4","-21.4","14.8","34.4","Biff","Poggi","2022-11-15T00:00:00.000Z"
"Charlotte","2024","10","3","7","0","","","-12.4","-15.3","21.4","37.6","Biff","Poggi","2022-11-15T00:00:00.000Z"
"Charlotte","2022","4","2","2","0","","","-18.8","-16.4","24","39.2","Peter","Rossomando","2022-10-23T00:00:00.000Z"
"Cincinnati","2022","1","0","1","0","23","","5.7","13.1","27.6","16.1","Kerry","Coombs","2022-11-27T00:00:00.000Z"
"Cincinnati","2022","12","9","3","0","23","","5.7","13.1","27.6","16.1","Luke","Fickell","2016-12-10T00:00:00.000Z"
"Cincinnati","2023","12","3","9","0","","","-3.7","-6.8","21.3","28.3","Scott","Satterfield","2018-12-04T00:00:00.000Z"
"Cincinnati","2024","12","5","7","0","","","4.4","-0.1","25.6","25","Scott","Satterfield","2018-12-04T00:00:00.000Z"
"Cincinnati","2025","0","0","0","0","","","7.9","10.8","34.2","23.9","Scott","Satterfield","2018-12-04T00:00:00.000Z"
"Clemson","2022","14","11","3","0","4","13","13.9","17.6","34.9","18.5","Dabo","Swinney","2008-10-15T00:00:00.000Z"
"Clemson","2023","13","9","4","0","9","20","10.8","10.5","29.3","19","Dabo","Swinney","2008-10-15T00:00:00.000Z"
"Clemson","2024","14","10","4","0","14","14","11.9","13.3","35.4","20.9","Dabo","Swinney","2008-10-15T00:00:00.000Z"
"Clemson","2025","0","0","0","0","","","5.8","8.8","30.1","21.7","Dabo","Swinney","2008-10-15T00:00:00.000Z"
"Coastal Carolina","2023","13","8","5","0","","","-0.9","-1.2","27.6","27.2","Tim","Beck","2022-12-04T00:00:00.000Z"
"Coastal Carolina","2024","13","6","7","0","","","-9.2","-6.9","25.5","33.4","Tim","Beck","2022-12-04T00:00:00.000Z"
"Coastal Carolina","2025","0","0","0","0","","","-10.2","-8.9","23.7","32.7","Tim","Beck","2022-12-04T00:00:00.000Z"
"Coastal Carolina","2022","12","9","3","0","","","-6.4","0.6","32.7","30.6","Jamey","Chadwell","2019-01-18T00:00:00.000Z"
"Coastal Carolina","2022","1","0","1","0","","","-6.4","0.6","32.7","30.6","Chad","Staggs","2022-12-04T00:00:00.000Z"
"Colorado","2022","5","0","5","0","","","-14.7","-20.4","24","45","Karl","Dorrell","2020-02-23T00:00:00.000Z"
"Colorado","2023","12","4","8","0","","","0.8","-4.9","29.6","34.4","Deion","Sanders","2022-12-03T00:00:00.000Z"
"Colorado","2024","13","9","4","0","","25","12.7","8.1","33.3","23.5","Deion","Sanders","2022-12-03T00:00:00.000Z"
"Colorado","2025","0","0","0","0","","","0.4","-3.1","26","28.6","Deion","Sanders","2022-12-03T00:00:00.000Z"
"Colorado","2022","7","1","6","0","","","-14.7","-20.4","24","45","Mike","Sanford Jr.","2022-10-02T00:00:00.000Z"
"Colorado State","2022","12","3","9","0","","","-17.1","-22.2","7.8","29","Jay","Norvell","2021-12-06T00:00:00.000Z"
"Colorado State","2023","12","5","7","0","","","-8.8","-8.9","21.9","32","Jay","Norvell","2021-12-06T00:00:00.000Z"
"Colorado State","2024","13","8","5","0","","","-8.2","-5.7","24.2","29.2","Jay","Norvell","2021-12-06T00:00:00.000Z"
"Colorado State","2025","0","0","0","0","","","-14.3","-13.8","19.1","32.8","Jay","Norvell","2021-12-06T00:00:00.000Z"
"Delaware","2025","0","0","0","0","","","-13.1","-10.7","24.2","34.5","Ryan","Carty",""
"Duke","2024","13","9","4","0","","","1.6","5.6","26.7","21.3","Manny","Diaz","2023-12-07T00:00:00.000Z"
"Duke","2025","0","0","0","0","","","5","6.8","35.7","28.8","Manny","Diaz","2023-12-07T00:00:00.000Z"
"Duke","2022","13","9","4","0","","","7","5","29.4","24.7","Mike","Elko","2021-12-10T00:00:00.000Z"
"Duke","2023","12","7","5","0","","","9.8","9.4","27.3","19.5","Mike","Elko","2021-12-10T00:00:00.000Z"
"Duke","2023","1","1","0","0","","","9.8","9.4","27.3","19.5","Trooper","Taylor","2023-11-27T00:00:00.000Z"
"East Carolina","2024","6","5","1","0","","","-5.3","-1","28.5","29.7","Blake","Harrell",""
"East Carolina","2025","0","0","0","0","","","6.6","7.6","31","23.2","Blake","Harrell",""
"East Carolina","2022","13","8","5","0","","","3.8","1.1","31.5","28.7","Mike","Houston","2018-12-03T00:00:00.000Z"
"East Carolina","2023","12","2","10","0","","","-9.2","-12.8","15.4","28.1","Mike","Houston","2018-12-03T00:00:00.000Z"
"East Carolina","2024","7","3","4","0","","","-5.3","-1","28.5","29.7","Mike","Houston","2018-12-03T00:00:00.000Z"
"Eastern Michigan","2022","13","9","4","0","","","-9.2","-7.1","24","32.4","Chris","Creighton","2013-12-11T00:00:00.000Z"
"Eastern Michigan","2023","13","6","7","0","","","-16.9","-12.3","13","26.8","Chris","Creighton","2013-12-11T00:00:00.000Z"
"Eastern Michigan","2024","12","5","7","0","","","-12.1","-13.3","20.5","34.3","Chris","Creighton","2013-12-11T00:00:00.000Z"
"Eastern Michigan","2025","0","0","0","0","","","-17.9","-17.1","19.6","36.5","Chris","Creighton","2013-12-11T00:00:00.000Z"
"Florida","2022","13","6","7","0","","","6.4","10.4","39.6","29.5","Billy","Napier","2021-11-28T00:00:00.000Z"
"Florida","2023","12","5","7","0","","","3","6.8","31.1","26","Billy","Napier","2021-11-28T00:00:00.000Z"
"Florida","2024","13","8","5","0","","","11.7","13.8","31.7","20","Billy","Napier","2021-11-28T00:00:00.000Z"
"Florida","2025","0","0","0","0","","","7","6.2","26.3","20.6","Billy","Napier","2021-11-28T00:00:00.000Z"
"Florida Atlantic","2023","12","4","8","0","","","-9.8","-9.4","19.8","27.9","Tom","Herman","2022-12-01T00:00:00.000Z"
"Florida Atlantic","2024","10","2","8","0","","","-15.4","-12.7","20.8","32.1","Tom","Herman","2022-12-01T00:00:00.000Z"
"Florida Atlantic","2025","0","0","0","0","","","-11.2","-8.5","25.6","34.5","Zach","Kittley",""
"Florida Atlantic","2024","2","1","1","0","","","-15.4","-12.7","20.8","32.1","Chad","Lunsford",""
"Florida Atlantic","2022","12","5","7","0","","","-5.9","-7.1","24.4","30.4","Willie","Taggart","2019-12-12T00:00:00.000Z"
"Florida International","2022","12","4","8","0","","","-22.8","-25.5","18.4","42.3","Mike","MacIntyre","2021-12-09T00:00:00.000Z"
"Florida International","2023","12","4","8","0","","","-19.4","-21.2","16","35.6","Mike","MacIntyre","2021-12-09T00:00:00.000Z"
"Florida International","2024","12","4","8","0","","","-11.6","-12.1","20.5","31.3","Mike","MacIntyre","2021-12-09T00:00:00.000Z"
"Florida International","2025","0","0","0","0","","","-12.1","-13.6","21.4","34.4","Willie","Simmons",""
"Florida State","2022","13","10","3","0","","11","14.1","13.2","34.8","20.4","Mike","Norvell","2019-12-07T00:00:00.000Z"
"Florida State","2023","14","13","1","0","8","6","19.6","19.4","34.1","16.5","Mike","Norvell","2019-12-07T00:00:00.000Z"
"Florida State","2024","12","2","10","0","10","","-6.7","-3.2","20.1","25.3","Mike","Norvell","2019-12-07T00:00:00.000Z"
"Florida State","2025","0","0","0","0","","","10.8","11.5","31.6","20.3","Mike","Norvell","2019-12-07T00:00:00.000Z"
"Fresno State","2025","0","0","0","0","","","-7","-2.9","22.7","25.4","Matt","Entz",""
"Fresno State","2024","13","6","7","0","","","-6","-3.8","25.1","27.6","Tim","Skipper","2024-07-15T00:00:00.000Z"
"Fresno State","2022","14","10","4","0","","24","2.4","3.3","27.1","24.4","Jeff","Tedford","2019-12-17T00:00:00.000Z"
"Fresno State","2023","13","9","4","0","","","-3.2","2.5","28.9","27.9","Jeff","Tedford","2019-12-17T00:00:00.000Z"
"Georgia","2022","15","15","0","0","3","1","27","35.3","37.2","3.7","Kirby","Smart","2015-12-06T00:00:00.000Z"
"Georgia","2023","14","13","1","0","1","4","20.7","31.2","41.5","12.2","Kirby","Smart","2015-12-06T00:00:00.000Z"
"Georgia","2024","14","11","3","0","1","6","16.3","24.3","37.3","14.9","Kirby","Smart","2015-12-06T00:00:00.000Z"
"Georgia","2025","0","0","0","0","","","18.3","20.2","37","17.5","Kirby","Smart","2015-12-06T00:00:00.000Z"
"Georgia Southern","2022","13","6","7","0","","","-4.8","-6.4","34.3","40.3","Clay","Helton","2021-11-02T00:00:00.000Z"
"Georgia Southern","2023","13","6","7","0","","","-8.6","-5.2","30.8","36.5","Clay","Helton","2021-11-02T00:00:00.000Z"
"Georgia Southern","2024","13","8","5","0","","","-2.5","-1.7","26.5","30.1","Clay","Helton","2021-11-02T00:00:00.000Z"
"Georgia Southern","2025","0","0","0","0","","","-11.7","-10.8","26.5","37.5","Clay","Helton","2021-11-02T00:00:00.000Z"
"Georgia State","2022","12","4","8","0","","","-5.2","-3.3","33.7","38.3","Shawn","Elliott","2016-12-08T00:00:00.000Z"
"Georgia State","2023","13","7","6","0","","","-7.7","-6.8","28.2","33.3","Shawn","Elliott","2016-12-08T00:00:00.000Z"
"Georgia State","2024","0","0","0","0","","","-12.9","-17.9","21","37.4","Shawn","Elliott","2016-12-08T00:00:00.000Z"
"Georgia State","2024","12","3","9","0","","","-12.9","-17.9","21","37.4","Dell","McGee",""
"Georgia State","2025","0","0","0","0","","","-20.1","-22.1","20","41.4","Dell","McGee",""
"Georgia Tech","2022","4","1","3","0","","","-6","-11.8","18.8","29.5","Geoff","Collins","2018-12-07T00:00:00.000Z"
"Georgia Tech","2022","8","4","4","0","","","-6","-11.8","18.8","29.5","Brent","Key","2022-11-29T00:00:00.000Z"
"Georgia Tech","2023","13","7","6","0","","","2.1","0.3","29.4","29.1","Brent","Key","2022-11-29T00:00:00.000Z"
"Georgia Tech","2024","13","7","6","0","","","5.5","1.9","31.1","27.9","Brent","Key","2022-11-29T00:00:00.000Z"
"Georgia Tech","2025","0","0","0","0","","","10","10.5","35.7","25.7","Brent","Key","2022-11-29T00:00:00.000Z"
"Hawai'i","2022","13","3","10","0","","","-18.4","-24.7","15.8","39.4","Timmy","Chang","2022-01-22T00:00:00.000Z"
"Hawai'i","2023","13","5","8","0","","","-12.7","-16.4","19.4","35.7","Timmy","Chang","2022-01-22T00:00:00.000Z"
"Hawai'i","2024","12","5","7","0","","","-12.9","-10.9","20.9","30","Timmy","Chang","2022-01-22T00:00:00.000Z"
"Hawai'i","2025","0","0","0","0","","","-2.5","-1.1","25.5","27.1","Timmy","Chang","2022-01-22T00:00:00.000Z"
"Houston","2024","12","4","8","0","","","-2","-8.2","18.1","24.5","Willie","Fritz","2015-12-11T00:00:00.000Z"
"Houston","2025","0","0","0","0","","","6.2","6.4","28.8","22.3","Willie","Fritz","2015-12-11T00:00:00.000Z"
"Houston","2022","13","8","5","0","24","","2.8","4.5","42.5","37.7","Dana","Holgorsen","2019-01-01T00:00:00.000Z"
"Houston","2023","12","4","8","0","","","-3.3","-7.8","25.6","32.2","Dana","Holgorsen","2019-01-01T00:00:00.000Z"
"Houston","2024","0","0","0","0","","","-2","-8.2","18.1","24.5","Dana","Holgorsen","2019-01-01T00:00:00.000Z"
"Illinois","2022","13","8","5","0","","","11.7","15.9","20.6","5.5","Bret","Bielema","2020-12-19T00:00:00.000Z"
"Illinois","2023","12","5","7","0","","","-2.3","-2.5","21.6","24.1","Bret","Bielema","2020-12-19T00:00:00.000Z"
"Illinois","2024","13","10","3","0","","16","8.8","9.6","29","20.9","Bret","Bielema","2020-12-19T00:00:00.000Z"
"Illinois","2025","0","0","0","0","","","13.9","13.4","36.7","23.9","Bret","Bielema","2020-12-19T00:00:00.000Z"
"Indiana","2022","12","4","8","0","","","-3.5","-7.1","29.9","36.6","Tom","Allen","2016-12-01T00:00:00.000Z"
"Indiana","2023","12","3","9","0","","","-3.5","-7.4","19.6","27.2","Tom","Allen","2016-12-01T00:00:00.000Z"
"Indiana","2024","13","11","2","0","","10","17.7","20.1","35","16.4","Curt","Cignetti","2023-11-30T00:00:00.000Z"
"Indiana","2025","0","0","0","0","","","25","27.7","40","12.8","Curt","Cignetti","2023-11-30T00:00:00.000Z"
"Iowa","2022","13","8","5","0","","","9.5","12.7","16","5.1","Kirk","Ferentz","1998-12-02T00:00:00.000Z"
"Iowa","2023","14","10","4","0","25","24","5.7","5.8","13.8","9.3","Kirk","Ferentz","1998-12-02T00:00:00.000Z"
"Iowa","2024","13","8","5","0","25","","12.4","15.8","27","13.3","Kirk","Ferentz","1998-12-02T00:00:00.000Z"
"Iowa","2025","0","0","0","0","","","11.4","17.2","30.4","13.6","Kirk","Ferentz","1998-12-02T00:00:00.000Z"
"Iowa State","2022","12","4","8","0","","","8","5.3","17.7","10.6","Matt","Campbell","2015-11-29T00:00:00.000Z"
"Iowa State","2023","13","7","6","0","","","9","7.5","26.4","20.1","Matt","Campbell","2015-11-29T00:00:00.000Z"
"Iowa State","2024","14","11","3","0","","15","11.2","10.3","30.8","20.2","Matt","Campbell","2015-11-29T00:00:00.000Z"
"Iowa State","2025","0","0","0","0","","","9.2","8.9","29.3","20.6","Matt","Campbell","2015-11-29T00:00:00.000Z"
"Jacksonville State","2025","0","0","0","0","","","-10.4","-8","24.7","32.2","Charles","Kelly",""
"Jacksonville State","2023","13","9","4","0","","","-1.2","-1.6","24.8","25.9","Rich","Rodriguez","2021-11-30T00:00:00.000Z"
"Jacksonville State","2024","14","9","5","0","","","-2.8","-1","28.8","28.3","Rich","Rodriguez","2021-11-30T00:00:00.000Z"
"James Madison","2024","13","9","4","0","","","1.3","7.5","29.7","22.9","Bob","Chesney","2023-12-07T00:00:00.000Z"
"James Madison","2025","0","0","0","0","","","7.2","9.9","30.9","20.5","Bob","Chesney","2023-12-07T00:00:00.000Z"
"James Madison","2022","11","8","3","0","","","5","6.5","31.3","23.6","Curt","Cignetti",""
"James Madison","2023","12","11","1","0","","","8","11.8","34.6","23.7","Curt","Cignetti",""
"James Madison","2023","1","0","1","0","","","8","11.8","34.6","23.7","Damian","Wroblewski","2023-12-03T00:00:00.000Z"
"Kansas","2022","13","6","7","0","","","7.6","2.9","40.6","36","Lance","Leipold","2021-04-30T00:00:00.000Z"
"Kansas","2023","13","9","4","0","","23","11","9.9","35.6","26.1","Lance","Leipold","2021-04-30T00:00:00.000Z"
"Kansas","2024","12","5","7","0","22","","10.8","4.9","32.4","26.5","Lance","Leipold","2021-04-30T00:00:00.000Z"
"Kansas","2025","0","0","0","0","","","4.3","5.4","32.5","27.7","Lance","Leipold","2021-04-30T00:00:00.000Z"
"Kansas State","2022","14","10","4","0","","14","15.5","21.4","36.4","15.7","Chris","Klieman","2018-12-10T00:00:00.000Z"
"Kansas State","2023","13","9","4","0","16","18","19.6","16.2","38.9","21.8","Chris","Klieman","2018-12-10T00:00:00.000Z"
"Kansas State","2024","13","9","4","0","18","","11.8","14.1","33","20.4","Chris","Klieman","2018-12-10T00:00:00.000Z"
"Kansas State","2025","0","0","0","0","","","7.3","7.9","31.7","23.9","Chris","Klieman","2018-12-10T00:00:00.000Z"
"Kennesaw State","2024","9","1","8","0","","","-23.3","-25.1","10.2","35.1","Brian","Bohannon",""
"Kennesaw State","2024","3","1","2","0","","","-23.3","-25.1","10.2","35.1","Chandler","Burks",""
"Kennesaw State","2025","0","0","0","0","","","-2.4","-3.2","21.1","23.9","Jerry","Mack",""
"Kent State","2023","12","1","11","0","","","-27","-26.3","8.2","34.8","Kenni","Burns","2022-12-14T00:00:00.000Z"
"Kent State","2024","12","0","12","0","","","-26.8","-33","12.6","43.8","Kenni","Burns","2022-12-14T00:00:00.000Z"
"Kent State","2025","0","0","0","0","","","-15.8","-21.9","14.1","35.3","Mark","Carney",""
"Kent State","2022","12","5","7","0","","","-6.4","-13.1","25.6","37.9","Sean","Lewis","2017-12-21T00:00:00.000Z"
"Kentucky","2022","13","7","6","0","20","","5.5","13","23.2","9.9","Mark","Stoops","2012-11-27T00:00:00.000Z"
"Kentucky","2023","13","7","6","0","","","5.3","10.5","31.6","22.2","Mark","Stoops","2012-11-27T00:00:00.000Z"
"Kentucky","2024","12","4","8","0","","","3","5.5","24.5","20.9","Mark","Stoops","2012-11-27T00:00:00.000Z"
"Kentucky","2025","0","0","0","0","","","6.1","5.4","26.8","21.5","Mark","Stoops","2012-11-27T00:00:00.000Z"
"Liberty","2022","1","0","1","0","","","-3.5","-1.5","24.1","25.4","Josh","Aldridge","2022-11-29T00:00:00.000Z"
"Liberty","2023","14","13","1","0","","25","7.3","8","36.2","26.3","Jamey","Chadwell","2019-01-18T00:00:00.000Z"
"Liberty","2024","12","8","4","0","","","-9.9","0.2","28.2","26.6","Jamey","Chadwell","2019-01-18T00:00:00.000Z"
"Liberty","2025","0","0","0","0","","","-9.8","-7.4","21.5","28.5","Jamey","Chadwell","2019-01-18T00:00:00.000Z"
"Liberty","2022","12","8","4","0","","","-3.5","-1.5","24.1","25.4","Hugh","Freeze","2018-12-07T00:00:00.000Z"
"Louisiana","2022","13","6","7","0","","","-1.7","2","21.7","20.3","Michael","Desormeaux","2021-12-05T00:00:00.000Z"
"Louisiana","2023","13","6","7","0","","","-5.9","0.4","32.4","33.1","Michael","Desormeaux","2021-12-05T00:00:00.000Z"
"Louisiana","2024","14","10","4","0","","","-1.7","4.8","31.5","27.8","Michael","Desormeaux","2021-12-05T00:00:00.000Z"
"Louisiana","2025","0","0","0","0","","","-11.3","-9.7","24.2","33.5","Michael","Desormeaux","2021-12-05T00:00:00.000Z"
"Louisiana Tech","2022","12","3","9","0","","","-14.3","-17.8","29.6","47","Sonny","Cumbie","2021-11-30T00:00:00.000Z"
"Louisiana Tech","2023","12","3","9","0","","","-14.4","-12.9","22.1","36","Sonny","Cumbie","2021-11-30T00:00:00.000Z"
"Louisiana Tech","2024","13","5","8","0","","","-12.6","-11.6","15.9","26.3","Sonny","Cumbie","2021-11-30T00:00:00.000Z"
"Louisiana Tech","2025","0","0","0","0","","","-1.7","0.5","22.8","22.3","Sonny","Cumbie","2021-11-30T00:00:00.000Z"
"Louisville","2022","1","1","0","0","","","10.6","9","27","19.1","Deion","Branch","2022-12-05T00:00:00.000Z"
"Louisville","2023","14","10","4","0","","19","12.6","8","30.1","22.3","Jeff","Brohm","2016-12-05T00:00:00.000Z"
"Louisville","2024","13","9","4","0","","","15.4","13.6","37.7","22.9","Jeff","Brohm","2016-12-05T00:00:00.000Z"
"Louisville","2025","0","0","0","0","","","8.6","12.2","32.4","20.4","Jeff","Brohm","2016-12-05T00:00:00.000Z"
"Louisville","2022","12","7","5","0","","","10.6","9","27","19.1","Scott","Satterfield","2018-12-04T00:00:00.000Z"
"LSU","2022","14","10","4","0","","16","14.8","16.2","34.2","17.6","Brian","Kelly","2021-11-30T00:00:00.000Z"
"LSU","2023","13","10","3","0","5","12","17.1","19.1","44.6","25","Brian","Kelly","2021-11-30T00:00:00.000Z"
"LSU","2024","13","9","4","0","13","","12.9","15.9","36.8","21.7","Brian","Kelly","2021-11-30T00:00:00.000Z"
"LSU","2025","0","0","0","0","","","11.8","11.4","28.6","17.1","Brian","Kelly","2021-11-30T00:00:00.000Z"
"Marshall","2025","0","0","0","0","","","-5.9","-5.4","29.2","34.6","Tony","Gibson",""
"Marshall","2022","13","9","4","0","","","0.6","3","15.7","11.4","Charles","Huff","2021-01-16T00:00:00.000Z"
"Marshall","2023","13","6","7","0","","","-7.5","-9","24.4","31.5","Charles","Huff","2021-01-16T00:00:00.000Z"
"Marshall","2024","13","10","3","0","","","3.5","3.1","29.6","26.9","Charles","Huff","2021-01-16T00:00:00.000Z"
"Maryland","2022","13","8","5","0","","","6.2","11.2","33.8","24.2","Mike","Locksley","2018-12-04T00:00:00.000Z"
"Maryland","2023","13","8","5","0","","","8.4","11","28.3","17.6","Mike","Locksley","2018-12-04T00:00:00.000Z"
"Maryland","2024","12","4","8","0","","","-2","-3.9","23.3","27.1","Mike","Locksley","2018-12-04T00:00:00.000Z"
"Maryland","2025","0","0","0","0","","","1.6","3.5","25.6","22.5","Mike","Locksley","2018-12-04T00:00:00.000Z"
"Massachusetts","2022","12","1","11","0","","","-23.8","-30.3","7.5","36.4","Don","Brown","2021-11-22T00:00:00.000Z"
"Massachusetts","2023","12","3","9","0","","","-15.2","-17.5","20.8","36.2","Don","Brown","2021-11-22T00:00:00.000Z"
"Massachusetts","2024","10","2","8","0","","","-17.4","-21.9","20.5","40.3","Don","Brown","2021-11-22T00:00:00.000Z"
"Massachusetts","2025","0","0","0","0","","","-29.9","-32.5","9.8","42.1","Joe","Harasymiak",""
"Massachusetts","2024","2","0","2","0","","","-17.4","-21.9","20.5","40.3","Shane","Montgomery",""
"Memphis","2022","13","7","6","0","","","5.4","6.8","37","31.8","Ryan","Silverfield","2019-12-13T00:00:00.000Z"
"Memphis","2023","13","10","3","0","","","1.8","3.5","37.1","33.8","Ryan","Silverfield","2019-12-13T00:00:00.000Z"
"Memphis","2024","13","11","2","0","","24","3.2","9.6","36.7","28.2","Ryan","Silverfield","2019-12-13T00:00:00.000Z"
"Memphis","2025","0","0","0","0","","","6","11","37.2","26.7","Ryan","Silverfield","2019-12-13T00:00:00.000Z"
"Miami","2022","12","5","7","0","16","","-4.6","-2.7","24.4","28.9","Mario","Cristobal","2021-12-06T00:00:00.000Z"
"Miami","2023","13","7","6","0","","","8.8","9.6","30.7","23.1","Mario","Cristobal","2021-12-06T00:00:00.000Z"
"Miami","2024","13","10","3","0","19","18","15.5","21.6","44.2","24.3","Mario","Cristobal","2021-12-06T00:00:00.000Z"
"Miami","2025","0","0","0","0","","","18.2","18.3","35.3","17.5","Mario","Cristobal","2021-12-06T00:00:00.000Z"
"Miami (OH)","2022","13","6","7","0","","","-12.2","-12.7","8.6","22.1","Chuck","Martin","2013-12-03T00:00:00.000Z"
"Miami (OH)","2023","14","11","3","0","","","-1.2","2.8","18.5","17.7","Chuck","Martin","2013-12-03T00:00:00.000Z"
"Miami (OH)","2024","14","9","5","0","","","-0.1","1.3","23.2","23.2","Chuck","Martin","2013-12-03T00:00:00.000Z"
"Miami (OH)","2025","0","0","0","0","","","-6","-4.3","19.8","24.8","Chuck","Martin","2013-12-03T00:00:00.000Z"
"Michigan","2022","14","13","1","0","8","3","21.1","32","38","7.6","Jim","Harbaugh","2014-12-30T00:00:00.000Z"
"Michigan","2023","15","15","0","0","2","1","25.9","31.3","36.6","7.2","Jim","Harbaugh","2014-12-30T00:00:00.000Z"
"Michigan","2024","13","8","5","0","9","","8.9","10.6","24.1","15.1","Sherrone","Moore","2024-01-26T00:00:00.000Z"
"Michigan","2025","0","0","0","0","","","11.6","15.7","31.7","15.7","Sherrone","Moore","2024-01-26T00:00:00.000Z"
"Michigan State","2023","10","2","8","0","","","-3.2","-6.8","15.7","24","Harlon","Barnett","2023-09-10T00:00:00.000Z"
"Michigan State","2024","12","5","7","0","","","-2.8","-4.6","18","24.1","Jonathan","Smith","2017-11-29T00:00:00.000Z"
"Michigan State","2025","0","0","0","0","","","-3","-2.1","27.2","29.2","Jonathan","Smith","2017-11-29T00:00:00.000Z"
"Michigan State","2022","12","5","7","0","15","","1.1","1.2","31.9","29.7","Mel","Tucker","2020-02-11T00:00:00.000Z"
"Michigan State","2023","2","2","0","0","","","-3.2","-6.8","15.7","24","Mel","Tucker","2020-02-11T00:00:00.000Z"
"Middle Tennessee","2024","12","3","9","0","","","-23.2","-24.4","13.7","37.3","Derek","Mason","2023-12-06T00:00:00.000Z"
"Middle Tennessee","2025","0","0","0","0","","","-21.6","-20.3","16.3","36.7","Derek","Mason","2023-12-06T00:00:00.000Z"
"Middle Tennessee","2022","13","8","5","0","","","-7.7","-6.9","25.6","33.3","Rick","Stockstill","2005-12-12T00:00:00.000Z"
"Middle Tennessee","2023","12","4","8","0","","","-8.1","-9.5","21.5","30","Rick","Stockstill","2005-12-12T00:00:00.000Z"
"Minnesota","2022","13","9","4","0","","","10.7","16","23.5","8.6","P.J.","Fleck","2017-01-06T00:00:00.000Z"
"Minnesota","2023","13","6","7","0","","","-2.3","0.4","20","21.1","P.J.","Fleck","2017-01-06T00:00:00.000Z"
"Minnesota","2024","13","8","5","0","","","12.6","10.4","25.6","15.4","P.J.","Fleck","2017-01-06T00:00:00.000Z"
"Minnesota","2025","0","0","0","0","","","-0.2","3.5","24.5","20.5","P.J.","Fleck","2017-01-06T00:00:00.000Z"
"Mississippi State","2022","1","1","0","0","","20","13.1","15.4","35.1","19.9","Zach","Arnett","2022-12-15T00:00:00.000Z"
"Mississippi State","2023","10","4","6","0","","","-1.7","0.5","24.7","24.9","Zach","Arnett","2022-12-15T00:00:00.000Z"
"Mississippi State","2023","2","1","1","0","","","-1.7","0.5","24.7","24.9","Greg","Knox","2023-11-13T00:00:00.000Z"
"Mississippi State","2022","12","8","4","0","","20","13.1","15.4","35.1","19.9","Mike","Leach","2020-01-09T00:00:00.000Z"
"Mississippi State","2024","12","2","10","0","","","-1.6","-4.1","25.5","31.2","Jeff","Lebby","2023-11-26T00:00:00.000Z"
"Mississippi State","2025","0","0","0","0","","","7.5","6.5","32.5","26.2","Jeff","Lebby","2023-11-26T00:00:00.000Z"
"Missouri","2022","13","6","7","0","","","4.2","8.1","26","18.3","Eli","Drinkwitz","2019-12-09T00:00:00.000Z"
"Missouri","2023","13","11","2","0","","8","14.7","19.3","36.5","18","Eli","Drinkwitz","2019-12-09T00:00:00.000Z"
"Missouri","2024","13","10","3","0","11","22","8.9","14","33.7","18.7","Eli","Drinkwitz","2019-12-09T00:00:00.000Z"
"Missouri","2025","0","0","0","0","","","11.1","15.4","33.3","17.5","Eli","Drinkwitz","2019-12-09T00:00:00.000Z"
"Missouri State","2025","0","0","0","0","","","-8.1","-10.4","21.7","31.6","Ryan","Beard",""
"Navy","2023","12","5","7","0","","","-11.4","-13.7","15","27.2","Brian","Newberry","2022-12-19T00:00:00.000Z"
"Navy","2024","13","10","3","0","","","5.7","3.5","29.5","24.4","Brian","Newberry","2022-12-19T00:00:00.000Z"
"Navy","2025","0","0","0","0","","","-3.4","2.2","32.7","30.6","Brian","Newberry","2022-12-19T00:00:00.000Z"
"Navy","2022","12","4","8","0","","","-1.9","-7.2","18.2","24.4","Ken","Niumatalolo","2007-12-08T00:00:00.000Z"
"NC State","2022","13","8","5","0","13","","5.5","6.8","20.4","15.3","Dave","Doeren","2012-12-01T00:00:00.000Z"
"NC State","2023","13","9","4","0","","21","7","7.4","25.5","19.7","Dave","Doeren","2012-12-01T00:00:00.000Z"
"NC State","2024","13","6","7","0","24","","-2.1","3.9","29.9","26.5","Dave","Doeren","2012-12-01T00:00:00.000Z"
"NC State","2025","0","0","0","0","","","4.3","3.7","32.7","28.5","Dave","Doeren","2012-12-01T00:00:00.000Z"
"Nebraska","2022","3","1","2","0","","","-1.8","-1.2","25.5","25.6","Scott","Frost","2017-12-02T00:00:00.000Z"
"Nebraska","2022","9","3","6","0","","","-1.8","-1.2","25.5","25.6","Mickey","Joseph","2022-09-11T00:00:00.000Z"
"Nebraska","2023","12","5","7","0","","","1.3","0.3","15.6","13.9","Matt","Rhule","2022-11-26T00:00:00.000Z"
"Nebraska","2024","13","7","6","0","","","8.5","5.5","23.1","15.8","Matt","Rhule","2022-11-26T00:00:00.000Z"
"Nebraska","2025","0","0","0","0","","","6","12.3","31.6","19.3","Matt","Rhule","2022-11-26T00:00:00.000Z"
"Nevada","2024","13","3","10","0","","","-9.2","-15.2","21","34.2","Jeff","Choate","2023-12-04T00:00:00.000Z"
"Nevada","2025","0","0","0","0","","","-18.1","-18.5","12.7","31.5","Jeff","Choate","2023-12-04T00:00:00.000Z"
"Nevada","2022","12","2","10","0","","","-17.1","-22.4","15.9","37.8","Ken","Wilson","2021-12-10T00:00:00.000Z"
"Nevada","2023","12","2","10","0","","","-17","-22","14.6","37","Ken","Wilson","2021-12-10T00:00:00.000Z"
"New Mexico","2025","0","0","0","0","","","-1.3","-2.6","28.9","31.9","Jason","Eck",""
"New Mexico","2022","12","2","10","0","","","-19.1","-26.9","6","31.9","Danny","Gonzales","2020-01-12T00:00:00.000Z"
"New Mexico","2023","12","4","8","0","","","-11.1","-16.5","22.5","37.2","Danny","Gonzales","2020-01-12T00:00:00.000Z"
"New Mexico","2024","12","5","7","0","","","-12.4","-14.8","27.6","40.5","Bronco","Mendenhall","2023-12-05T00:00:00.000Z"
"New Mexico State","2022","13","7","6","0","","","-11.6","-15.4","12","26","Jerry","Kill","2021-11-24T00:00:00.000Z"
"New Mexico State","2023","15","10","5","0","","","-3","-1.8","23.3","25.8","Jerry","Kill","2021-11-24T00:00:00.000Z"
"New Mexico State","2024","12","3","9","0","","","-22.1","-19","17.8","38.1","Tony","Sanchez","2023-12-23T00:00:00.000Z"
"New Mexico State","2025","0","0","0","0","","","-15.1","-14","18","31.8","Tony","Sanchez","2023-12-23T00:00:00.000Z"
"North Carolina","2025","0","0","0","0","","","-6.2","-4.8","18.9","23.8","Bill","Belichick",""
"North Carolina","2022","14","9","5","0","","","4.2","7.8","41.7","35","Mack","Brown","2018-11-27T00:00:00.000Z"
"North Carolina","2023","13","8","5","0","21","","8.8","7.4","34.4","27.8","Mack","Brown","2018-11-27T00:00:00.000Z"
"North Carolina","2024","12","6","6","0","","","0.7","5","31.5","26.3","Mack","Brown","2018-11-27T00:00:00.000Z"
"North Carolina","2024","1","0","1","0","","","0.7","5","31.5","26.3","Freddie","Kitchens",""
"North Texas","2022","1","0","1","0","","","-4.6","-1.5","31.3","34.1","Phil","Bennett","2022-12-04T00:00:00.000Z"
"North Texas","2022","13","7","6","0","","","-4.6","-1.5","31.3","34.1","Seth","Littrell","2015-12-05T00:00:00.000Z"
"North Texas","2023","12","5","7","0","","","-9.6","-6.7","32.9","41.3","Eric","Morris","2022-12-13T00:00:00.000Z"
"North Texas","2024","13","6","7","0","","","-5.5","-4.5","33.3","37","Eric","Morris","2022-12-13T00:00:00.000Z"
"North Texas","2025","0","0","0","0","","","9.5","11.8","40.3","28.4","Eric","Morris","2022-12-13T00:00:00.000Z"
"Northern Illinois","2022","12","3","9","0","","","-15","-18.8","25.3","43.1","Thomas","Hammock","2019-01-18T00:00:00.000Z"
"Northern Illinois","2023","13","7","6","0","","","-8.8","-7.5","18.3","24.2","Thomas","Hammock","2019-01-18T00:00:00.000Z"
"Northern Illinois","2024","13","8","5","0","","","-1.1","-3.5","20","21.6","Thomas","Hammock","2019-01-18T00:00:00.000Z"
"Northern Illinois","2025","0","0","0","0","","","-17.9","-17.7","9.2","26.3","Thomas","Hammock","2019-01-18T00:00:00.000Z"
"Northwestern","2023","13","8","5","0","","","-0.3","-1.3","18.5","18.5","David","Braun","2023-07-10T00:00:00.000Z"
"Northwestern","2024","12","4","8","0","","","-3.3","-8.2","17.5","24.3","David","Braun","2023-07-10T00:00:00.000Z"
"Northwestern","2025","0","0","0","0","","","1.7","1.7","22.9","21.4","David","Braun","2023-07-10T00:00:00.000Z"
"Northwestern","2022","12","1","11","0","","","-7.2","-13.4","17","28.6","Pat","Fitzgerald","2006-07-07T00:00:00.000Z"
"Notre Dame","2022","13","9","4","0","5","18","10","10.3","30.5","21.4","Marcus","Freeman","2021-12-03T00:00:00.000Z"
"Notre Dame","2023","13","10","3","0","13","14","18.3","20.1","36.3","16.7","Marcus","Freeman","2021-12-03T00:00:00.000Z"
"Notre Dame","2024","16","14","2","0","7","2","22","23.9","38.6","14.1","Marcus","Freeman","2021-12-03T00:00:00.000Z"
"Notre Dame","2025","0","0","0","0","","","22.6","22.5","39.9","17.5","Marcus","Freeman","2021-12-03T00:00:00.000Z"
"Ohio","2022","14","10","4","0","","","-3.6","-4.6","31.6","35.2","Tim","Albin","2021-07-14T00:00:00.000Z"
"Ohio","2023","13","10","3","0","","","-5.8","-1.6","18.5","18.1","Tim","Albin","2021-07-14T00:00:00.000Z"
"Ohio","2024","14","11","3","0","","","1.7","2.3","27.2","23.9","Tim","Albin","2021-07-14T00:00:00.000Z"
"Ohio","2025","0","0","0","0","","","-3.8","-5.5","24","28.8","Brian","Smith",""
"Ohio State","2022","13","11","2","0","2","4","22.5","31.1","45.1","15.7","Ryan","Day","2018-12-04T00:00:00.000Z"
"Ohio State","2023","13","11","2","0","3","10","23.4","25.2","31.5","7.8","Ryan","Day","2018-12-04T00:00:00.000Z"
"Ohio State","2024","16","14","2","0","2","1","24.6","31.2","39.5","9.2","Ryan","Day","2018-12-04T00:00:00.000Z"
"Ohio State","2025","0","0","0","0","","","26.9","30.5","39.6","9.2","Ryan","Day","2018-12-04T00:00:00.000Z"
"Oklahoma","2022","13","6","7","0","9","","10.2","15.4","40.8","26.5","Brent","Venables","2021-12-05T00:00:00.000Z"
"Oklahoma","2023","13","10","3","0","20","15","19.1","15","38.5","22.6","Brent","Venables","2021-12-05T00:00:00.000Z"
"Oklahoma","2024","13","6","7","0","16","","7","9.5","25.9","17.8","Brent","Venables","2021-12-05T00:00:00.000Z"
"Oklahoma","2025","0","0","0","0","","","14.2","20.7","32.9","12.8","Brent","Venables","2021-12-05T00:00:00.000Z"
"Oklahoma State","2022","13","7","6","0","12","","5.7","11.3","37.6","27.9","Mike","Gundy","2005-01-03T00:00:00.000Z"
"Oklahoma State","2023","14","10","4","0","","16","6.1","6.7","32.8","27.1","Mike","Gundy","2005-01-03T00:00:00.000Z"
"Oklahoma State","2024","12","3","9","0","17","","-1.8","-2.6","29.4","31.7","Mike","Gundy","2005-01-03T00:00:00.000Z"
"Oklahoma State","2025","0","0","0","0","","","-14.2","-17.5","17.8","35.3","Mike","Gundy","2005-01-03T00:00:00.000Z"
"Old Dominion","2022","12","3","9","0","","","-9.6","-13","16.9","29.3","Ricky","Rahne","2019-12-07T00:00:00.000Z"
"Old Dominion","2023","13","6","7","0","","","-8.7","-10.1","23.1","31.3","Ricky","Rahne","2019-12-07T00:00:00.000Z"
"Old Dominion","2024","12","5","7","0","","","-1.6","-6","25.7","31.3","Ricky","Rahne","2019-12-07T00:00:00.000Z"
"Old Dominion","2025","0","0","0","0","","","1.3","1.9","30.2","27.6","Ricky","Rahne","2019-12-07T00:00:00.000Z"
"Ole Miss","2022","13","8","5","0","21","","9.7","16.2","38.8","23.7","Lane","Kiffin","2019-12-07T00:00:00.000Z"
"Ole Miss","2023","13","11","2","0","22","9","14","18.4","36.3","19.2","Lane","Kiffin","2019-12-07T00:00:00.000Z"
"Ole Miss","2024","13","10","3","0","6","11","19.2","27.9","37.7","11.9","Lane","Kiffin","2019-12-07T00:00:00.000Z"
"Ole Miss","2025","0","0","0","0","","","14.8","21","38.5","18.2","Lane","Kiffin","2019-12-07T00:00:00.000Z"
"Oregon","2022","13","10","3","0","11","15","14.2","18.9","44.9","26.5","Dan","Lanning","2021-12-11T00:00:00.000Z"
"Oregon","2023","14","12","2","0","15","6","22.3","26.2","45","18.2","Dan","Lanning","2021-12-11T00:00:00.000Z"
"Oregon","2024","14","13","1","0","3","3","17.1","26","40.8","16.3","Dan","Lanning","2021-12-11T00:00:00.000Z"
"Oregon","2025","0","0","0","0","","","20","26.6","37.8","11.6","Dan","Lanning","2021-12-11T00:00:00.000Z"
"Oregon State","2024","12","5","7","0","","","-9.2","-6.7","26.1","32.7","Trent","Bray","2023-11-28T00:00:00.000Z"
"Oregon State","2025","0","0","0","0","","","-11.8","-10.8","19.6","29.7","Trent","Bray","2023-11-28T00:00:00.000Z"
"Oregon State","2023","1","0","1","0","18","","15.3","12.6","33.2","22.3","Kefense","Hynson","2023-11-25T00:00:00.000Z"
"Oregon State","2022","13","10","3","0","","17","14.6","14.3","33.3","17.7","Jonathan","Smith","2017-11-29T00:00:00.000Z"
"Oregon State","2023","12","8","4","0","18","","15.3","12.6","33.2","22.3","Jonathan","Smith","2017-11-29T00:00:00.000Z"
"Penn State","2022","13","11","2","0","","7","18.6","22.4","36.6","13.9","James","Franklin","2014-01-11T00:00:00.000Z"
"Penn State","2023","13","10","3","0","7","13","22.8","23.5","32.7","10.5","James","Franklin","2014-01-11T00:00:00.000Z"
"Penn State","2024","16","13","3","0","8","5","19.3","24.6","37.5","13.1","James","Franklin","2014-01-11T00:00:00.000Z"
"Penn State","2025","0","0","0","0","","","10.2","15","34.2","19.8","James","Franklin","2014-01-11T00:00:00.000Z"
"Pittsburgh","2022","13","9","4","0","17","22","6.3","8.6","32.8","24.7","Pat","Narduzzi","2014-12-16T00:00:00.000Z"
"Pittsburgh","2023","12","3","9","0","","","-3.3","-7.3","19.3","26","Pat","Narduzzi","2014-12-16T00:00:00.000Z"
"Pittsburgh","2024","13","7","6","0","","","4.5","4.9","29.3","26.3","Pat","Narduzzi","2014-12-16T00:00:00.000Z"
"Pittsburgh","2025","0","0","0","0","","","12.2","12.8","33.4","21.2","Pat","Narduzzi","2014-12-16T00:00:00.000Z"
"Purdue","2022","1","0","1","0","","","5.1","7.7","31.6","22.4","Brian","Brohm","2022-12-08T00:00:00.000Z"
"Purdue","2022","13","8","5","0","","","5.1","7.7","31.6","22.4","Jeff","Brohm","2016-12-05T00:00:00.000Z"
"Purdue","2025","0","0","0","0","","","-1","-3.4","24.6","28.6","Barry","Odom","2022-12-06T00:00:00.000Z"
"Purdue","2023","12","4","8","0","","","-1.9","-7.3","21.8","27.1","Ryan","Walters","2022-12-13T00:00:00.000Z"
"Purdue","2024","12","1","11","0","","","-8","-16.2","19.2","33.6","Ryan","Walters","2022-12-13T00:00:00.000Z"
"Rice","2025","0","0","0","0","","","-14.2","-12.3","17.7","30.2","Scott","Abell",""
"Rice","2024","4","2","2","0","","","-8.6","-11.4","20.5","30.4","Pete","Alamar",""
"Rice","2022","13","5","8","0","","","-12.1","-15.2","23.1","36.9","Mike","Bloomgren","2017-12-06T00:00:00.000Z"
"Rice","2023","13","6","7","0","","","-4.3","-10.2","26","34.4","Mike","Bloomgren","2017-12-06T00:00:00.000Z"
"Rice","2024","8","2","6","0","","","-8.6","-11.4","20.5","30.4","Mike","Bloomgren","2017-12-06T00:00:00.000Z"
"Rutgers","2022","12","4","8","0","","","-7.3","-9.1","16.4","25.2","Greg","Schiano","2019-11-30T00:00:00.000Z"
"Rutgers","2023","13","7","6","0","","","3.1","3.5","21","18.7","Greg","Schiano","2019-11-30T00:00:00.000Z"
"Rutgers","2024","13","7","6","0","","","5.1","6.4","28.5","22.8","Greg","Schiano","2019-11-30T00:00:00.000Z"
"Rutgers","2025","0","0","0","0","","","2","2","32.4","30.1","Greg","Schiano","2019-11-30T00:00:00.000Z"
"Sam Houston","2024","1","1","0","0","","","-6.2","-6.9","19","23.8","Brad","Cornelsen",""
"Sam Houston","2023","12","3","9","0","","","-13.3","-13.8","16","28.8","K.C.","Keeler","2014-01-23T00:00:00.000Z"
"Sam Houston","2024","12","9","3","0","","","-6.2","-6.9","19","23.8","K.C.","Keeler","2014-01-23T00:00:00.000Z"
"Sam Houston","2025","0","0","0","0","","","-21.2","-25.1","14.1","38.6","Phil","Longo",""
"San Diego State","2022","13","7","6","0","","","-6.9","-4.4","15.1","21.1","Brady","Hoke","2020-01-08T00:00:00.000Z"
"San Diego State","2023","12","4","8","0","","","-9.8","-10.3","19.4","30.2","Brady","Hoke","2020-01-08T00:00:00.000Z"
"San Diego State","2024","12","3","9","0","","","-16.6","-15.4","17.7","32.1","Sean","Lewis","2017-12-21T00:00:00.000Z"
"San Diego State","2025","0","0","0","0","","","1.4","3.7","22.7","19.6","Sean","Lewis","2017-12-21T00:00:00.000Z"
"San José State","2022","12","7","5","0","","","-6.5","-4.3","19.1","21.6","Brent","Brennan","2016-12-07T00:00:00.000Z"
"San José State","2023","13","7","6","0","","","2.8","-3.4","28.1","29.5","Brent","Brennan","2016-12-07T00:00:00.000Z"
"San José State","2024","13","7","6","0","","","-7.1","-5.5","26.1","30.1","Ken","Niumatalolo","2007-12-08T00:00:00.000Z"
"San José State","2025","0","0","0","0","","","-8.9","-7.4","26.3","33.3","Ken","Niumatalolo","2007-12-08T00:00:00.000Z"
"SMU","2022","13","7","6","0","","","1.9","4.7","42","38.1","Rhett","Lashlee","2021-11-30T00:00:00.000Z"
"SMU","2023","14","11","3","0","","22","8.9","10.1","34.1","23","Rhett","Lashlee","2021-11-30T00:00:00.000Z"
"SMU","2024","14","11","3","0","","12","15.7","17.5","38.2","21.1","Rhett","Lashlee","2021-11-30T00:00:00.000Z"
"SMU","2025","0","0","0","0","","","8.7","10.9","32.6","21.5","Rhett","Lashlee","2021-11-30T00:00:00.000Z"
"South Alabama","2024","13","7","6","0","","","-1.7","2.8","29.9","26.9","Major","Applewhite","2024-01-18T00:00:00.000Z"
"South Alabama","2025","0","0","0","0","","","-13.6","-12.9","23","35.2","Major","Applewhite","2024-01-18T00:00:00.000Z"
"South Alabama","2022","13","10","3","0","","","1.1","10.8","26.8","17.4","Kane","Wommack","2020-12-12T00:00:00.000Z"
"South Alabama","2023","13","7","6","0","","","-0.8","5.1","30.6","26","Kane","Wommack","2020-12-12T00:00:00.000Z"
"South Carolina","2022","13","8","5","0","","23","6.3","12.7","36","25.2","Shane","Beamer","2020-12-06T00:00:00.000Z"
"South Carolina","2023","12","5","7","0","","","2.7","4.3","28.2","25.6","Shane","Beamer","2020-12-06T00:00:00.000Z"
"South Carolina","2024","13","9","4","0","","19","15.8","16.9","32.1","16","Shane","Beamer","2020-12-06T00:00:00.000Z"
"South Carolina","2025","0","0","0","0","","","3.4","3.6","23.4","20.1","Shane","Beamer","2020-12-06T00:00:00.000Z"
"South Florida","2022","3","0","3","0","","","-12","-17","34.1","50.3","Daniel","Da Prato","2022-11-06T00:00:00.000Z"
"South Florida","2023","13","7","6","0","","","-10.5","-6.6","28.4","34.5","Alex","Golesh","2022-12-04T00:00:00.000Z"
"South Florida","2024","13","7","6","0","","","-4.5","-2.3","29.5","33.4","Alex","Golesh","2022-12-04T00:00:00.000Z"
"South Florida","2025","0","0","0","0","","","15.1","11.3","36.2","25","Alex","Golesh","2022-12-04T00:00:00.000Z"
"South Florida","2022","9","1","8","0","","","-12","-17","34.1","50.3","Jeff","Scott","2019-12-09T00:00:00.000Z"
"Southern Miss","2022","13","7","6","0","","","-5.2","-3.5","18.3","22.9","Will","Hall","2020-12-02T00:00:00.000Z"
"Southern Miss","2023","12","3","9","0","","","-13.1","-14.4","23.5","36.4","Will","Hall","2020-12-02T00:00:00.000Z"
"Southern Miss","2024","7","1","6","0","","","-23.9","-25.6","14.4","39.4","Will","Hall","2020-12-02T00:00:00.000Z"
"Southern Miss","2025","0","0","0","0","","","-2.7","-1.4","27","28.2","Charles","Huff","2021-01-16T00:00:00.000Z"
"Southern Miss","2024","5","0","5","0","","","-23.9","-25.6","14.4","39.4","Reed","Stringer",""
"Stanford","2025","0","0","0","0","","","-5.8","-11.2","19","29.8","Frank","Reich",""
"Stanford","2022","12","3","9","0","","","-5.1","-7.2","25.6","34.2","David","Shaw","2011-12-13T00:00:00.000Z"
"Stanford","2023","12","3","9","0","","","-5.5","-11.9","21.4","34.5","Troy","Taylor","2022-12-10T00:00:00.000Z"
"Stanford","2024","12","3","9","0","","","-5.7","-8.2","24.4","34.1","Troy","Taylor","2022-12-10T00:00:00.000Z"
"Syracuse","2022","13","7","6","0","","","4.5","2.5","27.4","24.7","Dino","Babers","2015-12-15T00:00:00.000Z"
"Syracuse","2023","11","5","6","0","","","-0.4","-4.4","22.2","26.1","Dino","Babers","2015-12-15T00:00:00.000Z"
"Syracuse","2024","13","10","3","0","","20","6","5.5","35.8","28.9","Fran","Brown","2023-11-28T00:00:00.000Z"
"Syracuse","2025","0","0","0","0","","","-5","-8.1","22.4","31","Fran","Brown","2023-11-28T00:00:00.000Z"
"Syracuse","2023","2","1","1","0","","","-0.4","-4.4","22.2","26.1","Nunzio","Campanile","2023-12-19T00:00:00.000Z"
"TCU","2022","15","13","2","0","","2","16.7","24.3","43.3","20.2","Sonny","Dykes","2021-11-29T00:00:00.000Z"
"TCU","2023","12","5","7","0","17","","8.6","7.9","33.5","25.3","Sonny","Dykes","2021-11-29T00:00:00.000Z"
"TCU","2024","13","9","4","0","","","9.2","10.8","34.6","22.8","Sonny","Dykes","2021-11-29T00:00:00.000Z"
"TCU","2025","0","0","0","0","","","8.1","9.2","32.5","22.8","Sonny","Dykes","2021-11-29T00:00:00.000Z"
"Temple","2022","12","3","9","0","","","-10.2","-12.9","16.3","28.6","Stan","Drayton","2021-12-15T00:00:00.000Z"
"Temple","2023","12","3","9","0","","","-19.6","-21","18.6","37.8","Stan","Drayton","2021-12-15T00:00:00.000Z"
"Temple","2024","10","3","7","0","","","-17","-20.3","17.3","37.8","Stan","Drayton","2021-12-15T00:00:00.000Z"
"Temple","2025","0","0","0","0","","","-5.7","-3.8","27.5","31.5","K.C.","Keeler","2014-01-23T00:00:00.000Z"
"Temple","2024","2","0","2","0","","","-17","-20.3","17.3","37.8","Everett","Withers",""
"Tennessee","2022","13","11","2","0","","6","19.9","25.2","47.3","22.6","Josh","Heupel","2021-01-27T00:00:00.000Z"
"Tennessee","2023","13","9","4","0","12","17","9.1","16.2","34.9","19.2","Josh","Heupel","2021-01-27T00:00:00.000Z"
"Tennessee","2024","13","10","3","0","15","9","14.3","22","33.7","13.5","Josh","Heupel","2021-01-27T00:00:00.000Z"
"Tennessee","2025","0","0","0","0","","","14.4","16.3","40.1","24.3","Josh","Heupel","2021-01-27T00:00:00.000Z"
"Texas","2022","13","8","5","0","","25","17.1","23.1","38.1","15.6","Steve","Sarkisian","2021-01-02T00:00:00.000Z"
"Texas","2023","14","12","2","0","11","3","22","23.2","39.3","17.7","Steve","Sarkisian","2021-01-02T00:00:00.000Z"
"Texas","2024","16","13","3","0","4","4","19.4","24.1","36.6","10.8","Steve","Sarkisian","2021-01-02T00:00:00.000Z"
"Texas","2025","0","0","0","0","","","13.9","18.3","31.7","13.7","Steve","Sarkisian","2021-01-02T00:00:00.000Z"
"Texas A&M","2024","13","8","5","0","20","","12.2","17","34","18.6","Mike","Elko","2021-12-10T00:00:00.000Z"
"Texas A&M","2025","0","0","0","0","","","22.5","22.6","40.8","18.3","Mike","Elko","2021-12-10T00:00:00.000Z"
"Texas A&M","2022","12","5","7","0","6","","3.3","9.1","25.4","16.6","Jimbo","Fisher","2017-12-01T00:00:00.000Z"
"Texas A&M","2023","10","6","4","0","23","","11.5","15.6","34.5","18.8","Jimbo","Fisher","2017-12-01T00:00:00.000Z"
"Texas A&M","2023","3","1","2","0","23","","11.5","15.6","34.5","18.8","Elijah","Robinson","2023-11-12T00:00:00.000Z"
"Texas State","2023","13","8","5","0","","","-4.9","-1.6","31.2","33.8","G.J.","Kinne","2022-12-02T00:00:00.000Z"
"Texas State","2024","13","8","5","0","","","0.9","5.4","34.2","28.4","G.J.","Kinne","2022-12-02T00:00:00.000Z"
"Texas State","2025","0","0","0","0","","","-6.9","-6.7","32","38.6","G.J.","Kinne","2022-12-02T00:00:00.000Z"
"Texas State","2022","12","4","8","0","","","-12.8","-11.5","17.4","29.5","Jake","Spavital","2018-11-28T00:00:00.000Z"
"Texas Tech","2022","13","8","5","0","","","9.7","8.5","38.5","30.5","Joey","McGuire","2021-11-08T00:00:00.000Z"
"Texas Tech","2023","13","7","6","0","","","7.3","6.1","29.6","24.7","Joey","McGuire","2021-11-08T00:00:00.000Z"
"Texas Tech","2024","13","8","5","0","","","3.9","4.3","33.5","30.8","Joey","McGuire","2021-11-08T00:00:00.000Z"
"Texas Tech","2025","0","0","0","0","","","23.7","25.2","38.5","13.6","Joey","McGuire","2021-11-08T00:00:00.000Z"
"Toledo","2022","14","9","5","0","","","-3.4","-3.7","25.7","27.9","Jason","Candle","2015-12-02T00:00:00.000Z"
"Toledo","2023","14","11","3","0","","","0.8","3.7","25.5","21.7","Jason","Candle","2015-12-02T00:00:00.000Z"
"Toledo","2024","13","8","5","0","","","-2","-2.5","24.5","26.3","Jason","Candle","2015-12-02T00:00:00.000Z"
"Toledo","2025","0","0","0","0","","","3.7","5","26","20.6","Jason","Candle","2015-12-02T00:00:00.000Z"
"Troy","2023","1","0","1","0","","","8.7","9.8","30.7","20.1","Greg","Gasparato","2023-12-08T00:00:00.000Z"
"Troy","2024","12","4","8","0","","","-9.6","-6.6","24.1","30.1","Gerad","Parker","2023-12-18T00:00:00.000Z"
"Troy","2025","0","0","0","0","","","-7.5","-3.8","24","28.2","Gerad","Parker","2023-12-18T00:00:00.000Z"
"Troy","2022","14","12","2","0","","19","2.4","8.1","17.7","11.2","Jon","Sumrall","2021-12-02T00:00:00.000Z"
"Troy","2023","13","11","2","0","","","8.7","9.8","30.7","20.1","Jon","Sumrall","2021-12-02T00:00:00.000Z"
"Tulane","2022","14","12","2","0","","9","10.5","12.4","32","19.7","Willie","Fritz","2015-12-11T00:00:00.000Z"
"Tulane","2023","13","11","2","0","24","","2","2.8","26.5","24.4","Willie","Fritz","2015-12-11T00:00:00.000Z"
"Tulane","2023","1","0","1","0","24","","2","2.8","26.5","24.4","Slade","Nagle","2023-12-03T00:00:00.000Z"
"Tulane","2024","14","9","5","0","","","7.4","5.7","32.9","27.1","Jon","Sumrall","2021-12-02T00:00:00.000Z"
"Tulane","2025","0","0","0","0","","","1.9","2.4","31.4","29.4","Jon","Sumrall","2021-12-02T00:00:00.000Z"
"Tulsa","2025","0","0","0","0","","","-13.6","-13.6","19.8","33.9","Tre","Lamb",""
"Tulsa","2022","12","5","7","0","","","-4.7","-6.1","32.7","38.5","Philip","Montgomery","2014-12-11T00:00:00.000Z"
"Tulsa","2024","1","0","1","0","","","-23.8","-20.6","21.2","40.3","Ryan","Switzer",""
"Tulsa","2023","12","4","8","0","","","-12.7","-13.7","20.9","34.7","Kevin","Wilson","2022-12-05T00:00:00.000Z"
"Tulsa","2024","11","3","8","0","","","-23.8","-20.6","21.2","40.3","Kevin","Wilson","2022-12-05T00:00:00.000Z"
"UAB","2023","12","4","8","0","","","-14.3","-14.7","26.9","39.6","Trent","Dilfer","2022-11-30T00:00:00.000Z"
"UAB","2024","12","3","9","0","","","-11.6","-11.3","25.9","38","Trent","Dilfer","2022-11-30T00:00:00.000Z"
"UAB","2025","0","0","0","0","","","-15","-12.9","25.3","37.6","Trent","Dilfer","2022-11-30T00:00:00.000Z"
"UAB","2022","13","7","6","0","","","-1.1","-0.5","25.7","25.3","Bryant","Vincent","2014-01-22T00:00:00.000Z"
"UCF","2025","0","0","0","0","","","2.1","3.8","25.6","21.6","Scott","Frost","2017-12-02T00:00:00.000Z"
"UCF","2022","14","9","5","0","","","4.7","10.3","31.1","20.3","Gus","Malzahn","2021-02-15T00:00:00.000Z"
"UCF","2023","13","6","7","0","","","6.9","3.4","30.3","25.2","Gus","Malzahn","2021-02-15T00:00:00.000Z"
"UCF","2024","12","4","8","0","","","6.2","2.8","29","25.8","Gus","Malzahn","2021-02-15T00:00:00.000Z"
"UCLA","2024","12","5","7","0","","","2.1","-1.3","21.3","23.3","Deshaun","Foster","2024-02-12T00:00:00.000Z"
"UCLA","2025","0","0","0","0","","","-0.7","-2.4","26.4","28.8","Deshaun","Foster","2024-02-12T00:00:00.000Z"
"UCLA","2022","13","9","4","0","","21","8.4","15","45.7","30.1","Chip","Kelly","2017-11-27T00:00:00.000Z"
"UCLA","2023","13","8","5","0","","","7.7","9.7","29.6","18.4","Chip","Kelly","2017-11-27T00:00:00.000Z"
"UConn","2022","13","6","7","0","","","-11.2","-14.6","14.2","27.9","Jim","Mora","2021-11-11T00:00:00.000Z"
"UConn","2023","12","3","9","0","","","-13.5","-15.6","17","31","Jim","Mora","2021-11-11T00:00:00.000Z"
"UConn","2024","13","9","4","0","","","-1.1","1.5","26.9","25.7","Jim","Mora","2021-11-11T00:00:00.000Z"
"UConn","2025","0","0","0","0","","","-1.3","3.6","31.9","28.6","Jim","Mora","2021-11-11T00:00:00.000Z"
"UL Monroe","2022","12","4","8","0","","","-12.2","-15.7","23.2","39","Terry","Bowden","2020-12-23T00:00:00.000Z"
"UL Monroe","2023","12","2","10","0","","","-17.1","-21.6","17.6","37.5","Terry","Bowden","2020-12-23T00:00:00.000Z"
"UL Monroe","2024","12","5","7","0","","","-9.8","-16.7","16.9","32.5","Bryant","Vincent","2014-01-22T00:00:00.000Z"
"UL Monroe","2025","0","0","0","0","","","-19.5","-19.8","15.3","34.4","Bryant","Vincent","2014-01-22T00:00:00.000Z"
"UNLV","2022","12","5","7","0","","","-10","-11.9","20.8","34.1","Marcus","Arroyo","2019-12-11T00:00:00.000Z"
"UNLV","2025","0","0","0","0","","","-3.1","1.6","34.7","33.3","Dan","Mullen",""
"UNLV","2023","14","9","5","0","","","0.9","1.4","32.1","32.7","Barry","Odom","2022-12-06T00:00:00.000Z"
"UNLV","2024","14","11","3","0","","23","7.2","9.3","32.6","24.6","Barry","Odom","2022-12-06T00:00:00.000Z"
"USC","2022","14","11","3","0","14","12","11.4","18.9","46.6","26.3","Lincoln","Riley","2021-11-28T00:00:00.000Z"
"USC","2023","13","8","5","0","6","","9","9.4","43.3","32.8","Lincoln","Riley","2021-11-28T00:00:00.000Z"
"USC","2024","13","7","6","0","23","","12.1","11.9","35.6","24","Lincoln","Riley","2021-11-28T00:00:00.000Z"
"USC","2025","0","0","0","0","","","16.8","19.2","40.9","22","Lincoln","Riley","2021-11-28T00:00:00.000Z"
"Utah","2022","14","10","4","0","7","10","16.6","19.2","37.3","17.3","Kyle","Whittingham","2004-12-08T00:00:00.000Z"
"Utah","2023","13","8","5","0","14","","8.1","8.5","26.7","19.4","Kyle","Whittingham","2004-12-08T00:00:00.000Z"
"Utah","2024","12","5","7","0","12","","6.1","7.7","23.6","17.2","Kyle","Whittingham","2004-12-08T00:00:00.000Z"
"Utah","2025","0","0","0","0","","","24","21.5","35.5","14.2","Kyle","Whittingham","2004-12-08T00:00:00.000Z"
"Utah State","2022","13","6","7","0","","","-12.1","-13.3","25.4","38.5","Blake","Anderson","2020-12-12T00:00:00.000Z"
"Utah State","2023","13","6","7","0","","","-4.6","-10.9","28.6","38.6","Blake","Anderson","2020-12-12T00:00:00.000Z"
"Utah State","2024","0","0","0","0","","","-11.7","-10.4","30.2","40.3","Blake","Anderson","2020-12-12T00:00:00.000Z"
"Utah State","2024","12","4","8","0","","","-11.7","-10.4","30.2","40.3","Nate","Dreiling",""
"Utah State","2025","0","0","0","0","","","-2.4","-2.7","30.9","33.5","Bronco","Mendenhall","2023-12-05T00:00:00.000Z"
"UTEP","2022","12","5","7","0","","","-11.3","-10.7","20.8","32.7","Dana","Dimel","2017-12-06T00:00:00.000Z"
"UTEP","2023","12","3","9","0","","","-13.7","-16.2","16.9","32","Dana","Dimel","2017-12-06T00:00:00.000Z"
"UTEP","2024","12","3","9","0","","","-20.2","-22.7","13.7","34.2","Scotty","Walden","2023-12-04T00:00:00.000Z"
"UTEP","2025","0","0","0","0","","","-14","-13.7","17","30.1","Scotty","Walden","2023-12-04T00:00:00.000Z"
"UTSA","2022","14","11","3","0","","","2.7","7.2","39.3","32.6","Jeff","Traylor","2019-12-09T00:00:00.000Z"
"UTSA","2023","13","9","4","0","","","0.4","5.4","31.3","27.3","Jeff","Traylor","2019-12-09T00:00:00.000Z"
"UTSA","2024","13","7","6","0","","","-3.6","2.2","32.3","31.5","Jeff","Traylor","2019-12-09T00:00:00.000Z"
"UTSA","2025","0","0","0","0","","","-2.9","-0.7","31.7","32.7","Jeff","Traylor","2019-12-09T00:00:00.000Z"
"Vanderbilt","2022","12","5","7","0","","","-2.4","-4.7","29.9","33.4","Clark","Lea","2020-12-14T00:00:00.000Z"
"Vanderbilt","2023","12","2","10","0","","","-11","-12.7","23.6","36.3","Clark","Lea","2020-12-14T00:00:00.000Z"
"Vanderbilt","2024","13","7","6","0","","","7.4","4.9","28.2","25.4","Clark","Lea","2020-12-14T00:00:00.000Z"
"Vanderbilt","2025","0","0","0","0","","","14.6","16.5","38.7","22.9","Clark","Lea","2020-12-14T00:00:00.000Z"
"Virginia","2022","10","3","7","0","","","-6","-9","16.2","24.4","Tony","Elliott","2021-12-10T00:00:00.000Z"
"Virginia","2023","12","3","9","0","","","-4.4","-10.8","21","31.7","Tony","Elliott","2021-12-10T00:00:00.000Z"
"Virginia","2024","12","5","7","0","","","-1.9","-5.1","23.7","29.3","Tony","Elliott","2021-12-10T00:00:00.000Z"
"Virginia","2025","0","0","0","0","","","7.9","7.6","29.1","21.7","Tony","Elliott","2021-12-10T00:00:00.000Z"
"Virginia Tech","2022","11","3","8","0","","","-8.7","-9.5","13.5","22.8","Brent","Pry","2021-11-30T00:00:00.000Z"
"Virginia Tech","2023","13","7","6","0","","","3.9","5.8","27.5","23.3","Brent","Pry","2021-11-30T00:00:00.000Z"
"Virginia Tech","2024","13","6","7","0","","","10.4","10","31.3","22.4","Brent","Pry","2021-11-30T00:00:00.000Z"
"Virginia Tech","2025","0","0","0","0","","","-5.2","-4","25.4","29.3","Brent","Pry","2021-11-30T00:00:00.000Z"
"Wake Forest","2022","13","8","5","0","22","","7.4","8.2","43.3","35.2","Dave","Clawson","2013-12-09T00:00:00.000Z"
"Wake Forest","2023","12","4","8","0","","","-4.1","-7.9","20.2","26.9","Dave","Clawson","2013-12-09T00:00:00.000Z"
"Wake Forest","2024","12","4","8","0","","","-6.2","-5.7","25.8","31.8","Dave","Clawson","2013-12-09T00:00:00.000Z"
"Wake Forest","2025","0","0","0","0","","","2.8","2","22","19.9","Jake","Dickert","2021-10-18T00:00:00.000Z"
"Washington","2022","13","11","2","0","","8","12","15.7","41.2","25.5","Kalen","DeBoer","2021-11-29T00:00:00.000Z"
"Washington","2023","15","14","1","0","10","2","16.5","16.4","40.3","24.7","Kalen","DeBoer","2021-11-29T00:00:00.000Z"
"Washington","2024","13","6","7","0","","","4.8","3.1","27.3","22.4","Jedd","Fisch","2020-12-23T00:00:00.000Z"
"Washington","2025","0","0","0","0","","","14.3","14.8","33.8","18.5","Jedd","Fisch","2020-12-23T00:00:00.000Z"
"Washington State","2022","13","7","6","0","","","4.7","9.5","25.1","16.7","Jake","Dickert","2021-10-18T00:00:00.000Z"
"Washington State","2023","12","5","7","0","","","6.2","4.9","31","27.4","Jake","Dickert","2021-10-18T00:00:00.000Z"
"Washington State","2024","12","8","4","0","","","-0.3","1.3","34","31.1","Jake","Dickert","2021-10-18T00:00:00.000Z"
"Washington State","2024","1","0","1","0","","","-0.3","1.3","34","31.1","Pete","Kaligis",""
"Washington State","2025","0","0","0","0","","","1","-1.6","24","25.5","Jimmy","Rogers",""
"West Virginia","2022","12","5","7","0","","","3.9","2.4","36.3","34.5","Neal","Brown","2019-01-04T00:00:00.000Z"
"West Virginia","2023","13","9","4","0","","","6.5","7.5","31.5","24.6","Neal","Brown","2019-01-04T00:00:00.000Z"
"West Virginia","2024","12","6","6","0","","","1.2","2.1","30.1","29.7","Neal","Brown","2019-01-04T00:00:00.000Z"
"West Virginia","2025","0","0","0","0","","","-1.9","-5","23.4","28.4","Rich","Rodriguez","2021-11-30T00:00:00.000Z"
"West Virginia","2024","1","0","1","0","","","1.2","2.1","30.1","29.7","Chad","Scott",""
"Western Kentucky","2022","14","9","5","0","","","-0.1","1.7","31.3","30.1","Tyson","Helton","2018-11-27T00:00:00.000Z"
"Western Kentucky","2023","13","8","5","0","","","-2.8","-2","28.7","30.1","Tyson","Helton","2018-11-27T00:00:00.000Z"
"Western Kentucky","2024","14","8","6","0","","","-5.4","-2.2","22.1","26.1","Tyson","Helton","2018-11-27T00:00:00.000Z"
"Western Kentucky","2025","0","0","0","0","","","-6.5","-0.9","25.1","26.8","Tyson","Helton","2018-11-27T00:00:00.000Z"
"Western Michigan","2022","12","5","7","0","","","-13.6","-17.3","11.2","27.3","Tim","Lester","2017-01-13T00:00:00.000Z"
"Western Michigan","2023","12","4","8","0","","","-14.6","-15.9","19.1","33.2","Lance","Taylor","2022-12-08T00:00:00.000Z"
"Western Michigan","2024","13","6","7","0","","","-7.6","-10.2","24.7","36","Lance","Taylor","2022-12-08T00:00:00.000Z"
"Western Michigan","2025","0","0","0","0","","","-3.7","-6","20.3","25.8","Lance","Taylor","2022-12-08T00:00:00.000Z"
"Wisconsin","2022","5","2","3","0","18","","5.4","8.3","25.7","17.1","Paul","Chryst","2014-12-17T00:00:00.000Z"
"Wisconsin","2022","1","1","0","0","18","","5.4","8.3","25.7","17.1","Luke","Fickell","2016-12-10T00:00:00.000Z"
"Wisconsin","2023","13","7","6","0","19","","4","9.4","22.2","14.1","Luke","Fickell","2016-12-10T00:00:00.000Z"
"Wisconsin","2024","12","5","7","0","","","4","3","23","19.8","Luke","Fickell","2016-12-10T00:00:00.000Z"
"Wisconsin","2025","0","0","0","0","","","-0.1","-4.4","18.7","22.7","Luke","Fickell","2016-12-10T00:00:00.000Z"
"Wisconsin","2022","7","4","3","0","18","","5.4","8.3","25.7","17.1","Jim","Leonhard","2022-10-02T00:00:00.000Z"
"Wyoming","2022","13","7","6","0","","","-10","-10.8","14.9","26.2","Craig","Bohl","2013-12-08T00:00:00.000Z"
"Wyoming","2023","13","9","4","0","","","-1.3","-3.6","23.5","26.1","Craig","Bohl","2013-12-08T00:00:00.000Z"
"Wyoming","2024","12","3","9","0","","","-12.1","-13.6","16.3","30.8","Jay","Sawvel","2023-12-06T00:00:00.000Z"
"Wyoming","2025","0","0","0","0","","","-6.7","-5.8","20.1","25.4","Jay","Sawvel","2023-12-06T00:00:00.000Z"
